name,datetime,tempmax,tempmin,temp,feelslikemax,feelslikemin,feelslike,dew,humidity,precip,precipprob,precipcover,preciptype,snow,snowdepth,windgust,windspeed,winddir,sealevelpressure,cloudcover,visibility,solarradiation,solarenergy,uvindex,severerisk,sunrise,sunset,moonphase,conditions,description,icon,stations
seattle,2025-01-01,45.5,38.5,41.3,45.5,35.5,40.2,36.9,84.4,0.007,0,0,rain,0,0,12.5,6.7,115.3,1016.9,64.9,9.6,27.1,2.3,2,,2025-01-01T07:57:44,2025-01-01T16:28:51,0.07,Partially cloudy,Partly cloudy throughout the day.,partly-cloudy-day,"72793024233,KSEA,KBFI,72793524234,72793494248,F0821,KRNT"
seattle,2025-01-02,46.2,38.3,42.2,45.1,35.4,41.1,37.3,83,0.019,100,4.17,rain,0,0,12.8,7.2,125.6,1017.9,84.6,9.3,15.5,1.3,1,,2025-01-02T07:57:40,2025-01-02T16:29:51,0.1,"Rain, Partially cloudy",Partly cloudy throughout the day with afternoon rain.,rain,"72793024233,KSEA,KBFI,72793524234,72793494248,F0821,KRNT"
seattle,2025-01-03,46.2,39.5,43.2,45.9,37.1,41.5,40.4,89.7,0.292,100,29.17,rain,0,0,23,8.5,66.8,1009.2,81.9,8,11.3,0.9,1,,2025-01-03T07:57:34,2025-01-03T16:30:53,0.14,"Rain, Partially cloudy",Partly cloudy throughout the day with rain in the morning and afternoon.,rain,"72793024233,KSEA,KBFI,72793524234,72793494248,F0821,C1943,KRNT"
seattle,2025-01-04,46.3,38.2,43.4,46.3,36,41.8,40.9,91.1,0.081,100,20.83,rain,0,0,22.1,10,132.5,1015.3,98.9,8.5,11.5,1,1,,2025-01-04T07:57:24,2025-01-04T16:31:57,0.17,"Rain, Overcast",Cloudy skies throughout the day with rain.,rain,"72793024233,KSEA,KBFI,72793524234,72793494248,F0821,C1943,KRNT"
seattle,2025-01-05,50.8,45,48,50.8,42.1,47.1,46.1,93,0.014,0,4.17,rain,0,0,23,7.2,159.9,1022.8,99.7,6.5,12.5,0.9,1,,2025-01-05T07:57:12,2025-01-05T16:33:04,0.21,Overcast,Cloudy skies throughout the day.,cloudy,"72793024233,KSEA,KBFI,72793524234,72793494248,F0821,C1943,KRNT"
seattle,2025-01-06,47.6,42.2,44.5,45.8,38.5,42.4,41,87.3,0,0,0,,0,0,15.4,9.5,355.1,1031.8,99.2,8.3,17,1.6,1,,2025-01-06T07:56:57,2025-01-06T16:34:12,0.25,Overcast,Cloudy skies throughout the day.,cloudy,"72793024233,KSEA,KBFI,72793524234,72793494248,F0821,C1943,KRNT"
seattle,2025-01-07,45.1,38.9,42,43.9,36.8,40.3,37.7,84.7,0,0,0,,0,0,14.8,8.4,130.2,1032,87.7,8.3,33.3,2.8,3,,2025-01-07T07:56:40,2025-01-07T16:35:22,0.28,Partially cloudy,Partly cloudy throughout the day.,partly-cloudy-day,"72793024233,KSEA,KBFI,72793524234,72793494248,F0821,C1943,KRNT"
seattle,2025-01-08,50.3,42.2,45.9,50.3,38.3,44.3,41.2,83.5,0.028,100,4.17,rain,0,0,13.6,8.2,349.2,1032.5,84.8,9.7,42.5,3.7,4,,2025-01-08T07:56:19,2025-01-08T16:36:34,0.32,"Rain, Partially cloudy",Partly cloudy throughout the day with early morning rain.,rain,"72793024233,KSEA,KBFI,72793524234,72793494248,F0821,KRNT"
seattle,2025-01-09,50.5,41.2,45.3,50.5,40.8,44.3,40.9,84.9,0,0,0,,0,0,14.5,8.2,57.4,1029.9,69,7.5,60.8,5.3,3,,2025-01-09T07:55:56,2025-01-09T16:37:47,0.35,Partially cloudy,Partly cloudy throughout the day.,partly-cloudy-day,"72793024233,KSEA,KBFI,72793524234,72793494248,F0821,KRNT"
seattle,2025-01-10,49.8,42.8,46,49.8,38.3,43.6,41.9,85.7,0.177,100,16.67,rain,0,0,21.7,11.6,139.5,1024,85.3,8.4,17.8,1.6,2,,2025-01-10T07:55:29,2025-01-10T16:39:03,0.39,"Rain, Partially cloudy",Partly cloudy throughout the day with morning rain.,rain,"72793024233,KSEA,KBFI,72793524234,72793494248,F0821,C1943,KRNT"
seattle,2025-01-11,46.9,37.3,42.3,46.9,34.8,40.5,38.2,85.7,0,0,0,,0,0,12.1,7.2,144.6,1033.4,56.7,9.3,50.5,4.3,3,,2025-01-11T07:55:01,2025-01-11T16:40:19,0.42,Partially cloudy,Partly cloudy throughout the day.,partly-cloudy-day,"72793024233,KSEA,KBFI,72793524234,72793494248,F0821,KRNT"
seattle,2025-01-12,44,34.7,39,44,34.7,38.9,36.3,90.2,0.001,0,0,rain,0,0,15.9,4.7,48.3,1033.6,78.8,7.6,25.1,2.2,2,,2025-01-12T07:54:29,2025-01-12T16:41:38,0.46,Partially cloudy,Partly cloudy throughout the day.,partly-cloudy-day,"72793024233,KSEA,KBFI,72793524234,72793494248,F0821,KRNT"
seattle,2025-01-13,42.5,33.2,37.3,42.2,27,35.8,34.3,89,0,0,0,,0,0,8.5,7,109.7,1035.6,79,7.2,30.8,2.7,2,,2025-01-13T07:53:55,2025-01-13T16:42:57,0.5,Partially cloudy,Partly cloudy throughout the day.,partly-cloudy-day,"72793024233,KSEA,KBFI,72793524234,72793494248,F0821,KRNT"
seattle,2025-01-14,42,35.3,38.3,42,30.7,36.9,35.6,90.1,0,0,0,,0,0,8.5,6.4,91.6,1034.7,98.8,5.2,20.9,1.8,1,,2025-01-14T07:53:18,2025-01-14T16:44:19,0.53,Overcast,Cloudy skies throughout the day.,cloudy,"72793024233,KSEA,KBFI,72793524234,72793494248,F0821,KRNT"
seattle,2025-01-15,41.2,37.2,39.1,41.2,32.7,37.6,36.8,91.4,0,0,0,,0,0,14.1,6.2,117.5,1028.6,100,3.3,20.8,1.7,1,,2025-01-15T07:52:38,2025-01-15T16:45:41,0.56,Overcast,Cloudy skies throughout the day.,cloudy,"72793024233,KSEA,KBFI,72793524234,72793494248,F0821,C1943,KRNT"
seattle,2025-01-16,43.7,35.4,39.4,43.7,28.8,36.2,37,91,0.001,0,0,rain,0,0,18.1,10.6,142.9,1023.6,98.6,5.9,21.5,1.9,2,,2025-01-16T07:51:56,2025-01-16T16:47:05,0.59,Overcast,Cloudy skies throughout the day.,cloudy,"72793024233,KSEA,KBFI,72793524234,72793494248,C1943,KRNT"
seattle,2025-01-17,43.7,32.5,38.8,40.4,32.5,37.7,35.2,87.8,0.002,0,0,rain,0,0,12.5,6.7,22.9,1030.5,69.7,6.6,30.8,2.7,2,,2025-01-17T07:51:11,2025-01-17T16:48:29,0.63,Partially cloudy,Partly cloudy throughout the day.,partly-cloudy-day,"72793024233,KSEA,KBFI,72793524234,72793494248,F0821,C1943,KRNT"
seattle,2025-01-18,43.9,30.2,35.6,40.5,28.3,34.5,30,81.6,0,0,0,,0,0,12.8,6.5,3.2,1033.3,38.2,7.2,79,6.8,4,,2025-01-18T07:50:24,2025-01-18T16:49:55,0.66,Partially cloudy,Clearing in the afternoon.,partly-cloudy-day,"72793024233,KSEA,KBFI,72793524234,72793494248,F0821,KRNT"
seattle,2025-01-19,43.7,27.6,34.4,39.7,27.6,33.2,27.4,77,0,0,0,,0,0,19.7,8.6,27.4,1032.8,13.1,9,80,6.8,4,,2025-01-19T07:49:34,2025-01-19T16:51:22,0.69,Clear,Clear conditions throughout the day.,clear-day,"72793024233,KSEA,KBFI,72793524234,72793494248,F0821,KRNT"
seattle,2025-01-20,44.1,26.3,34.6,41.8,26.3,33.7,24.3,67.3,0,0,0,,0,0,12.1,7.5,348.2,1033.8,13.5,9.5,70.3,6.1,3,,2025-01-20T07:48:42,2025-01-20T16:52:50,0.72,Clear,Clear conditions throughout the day.,clear-day,"72793024233,KSEA,KBFI,72793524234,72793494248,F0821,KRNT"
seattle,2025-01-21,45.2,28.2,34.8,45.2,21.6,32.8,26.8,73.5,0,0,0,,0,0,10.1,6.8,128.7,1035,14.1,9.7,78.7,6.8,4,,2025-01-21T07:47:48,2025-01-21T16:54:18,0.75,Clear,Clear conditions throughout the day.,clear-day,"72793024233,KSEA,KBFI,72793524234,72793494248,F0821,KRNT"
seattle,2025-01-22,45.3,27.9,35.4,41.9,23.5,33.3,27.5,74.4,0,0,0,,0,0,15.2,9,7.9,1040,11.6,9.6,82.1,7.1,4,,2025-01-22T07:46:51,2025-01-22T16:55:48,0.79,Clear,Clear conditions throughout the day.,clear-day,"72793024233,KSEA,KBFI,72793524234,72793494248,F0821,KRNT"
seattle,2025-01-23,43,28.3,36.4,41.9,28.3,35.4,30.1,78.3,0,0,0,,0,0,10.5,7.7,15.2,1033.9,32.8,9.5,53.6,4.6,3,,2025-01-23T07:45:52,2025-01-23T16:57:18,0.82,Partially cloudy,Partly cloudy throughout the day.,partly-cloudy-day,"72793024233,KSEA,KBFI,72793524234,72793494248,F0821,KRNT"
seattle,2025-01-24,44.6,33.2,39.5,40.7,33.2,37.6,32.1,75.1,0,0,0,,0,0,18.6,7.8,20.8,1030.5,45.9,9.6,80.3,6.9,4,,2025-01-24T07:44:50,2025-01-24T16:58:49,0.85,Partially cloudy,Clearing in the afternoon.,partly-cloudy-day,"72793024233,KSEA,KBFI,72793524234,72793494248,F0821,KRNT"
seattle,2025-01-25,45.7,28.7,36.5,41.7,24.8,33.8,25.7,67.7,0,0,0,,0,0,23,8.5,2.2,1029.9,6.6,9.8,88,7.8,4,,2025-01-25T07:43:47,2025-01-25T17:00:21,0.88,Clear,Clear conditions throughout the day.,clear-day,"72793024233,KSEA,KBFI,72793524234,72793494248,F0821"
seattle,2025-01-26,44.9,25.9,34.4,44.8,24.7,33.9,23.9,67.1,0,0,0,,0,0,10.7,5.4,2.2,1030.4,8.1,9.8,89.2,7.8,4,,2025-01-26T07:42:41,2025-01-26T17:01:53,0.91,Clear,Clear conditions throughout the day.,clear-day,"72793024233,KSEA,KBFI,72793524234,72793494248,F0821"
seattle,2025-01-27,47,27.1,35.7,45.6,23.5,34.6,26.8,71.5,0,0,0,,0,0,11.4,6.9,349.5,1028.5,0,9.7,90.8,7.9,4,,2025-01-27T07:41:33,2025-01-27T17:03:25,0.95,Clear,Clear conditions throughout the day.,clear-day,"72793024233,KSEA,KBFI,72793524234,72793494248,F0821"
seattle,2025-01-28,46.9,26.9,35.5,46.9,20.6,34.7,29.1,78.3,0,0,0,,0,0,9.6,5.5,349.8,1023.6,3.1,9.5,92.4,7.9,4,,2025-01-28T07:40:23,2025-01-28T17:04:58,0.98,Clear,Clear conditions throughout the day.,clear-day,"72793024233,KSEA,KBFI,72793524234,72793494248,F0821"
seattle,2025-01-29,49.1,27.4,36.4,48.8,25.7,34.9,30.9,82.3,0,0,0,,0,0,12.5,6,148,1020.7,28.9,6.6,73.6,6.3,4,,2025-01-29T07:39:10,2025-01-29T17:06:32,0,Partially cloudy,Clearing in the afternoon.,partly-cloudy-day,"72793024233,KSEA,KBFI,72793524234,72793494248,F0821,KRNT"
seattle,2025-01-30,44,31,38.1,40.8,25.8,33.7,32.2,79.7,0.061,100,12.5,rain,0,0,15.2,11.9,146.4,1019,79.7,8.8,22.2,2,1,,2025-01-30T07:37:56,2025-01-30T17:08:06,0.05,"Rain, Partially cloudy",Partly cloudy throughout the day with late afternoon rain.,rain,"72793024233,KSEA,KBFI,72793524234,72793494248,F0821,KRNT"
seattle,2025-01-31,51.1,39.6,45.1,51.1,33.8,41.5,41.4,87.3,0.432,100,50,rain,0,0,38.2,17.5,173.9,1006.4,90.6,7.3,25.7,2.2,2,,2025-01-31T07:36:40,2025-01-31T17:09:40,0.08,"Rain, Overcast",Cloudy skies throughout the day with a chance of rain throughout the day.,rain,"72793024233,KSEA,KBFI,72793524234,72793494248,F0821,KRNT"
seattle,2025-02-01,41.2,34.3,38.4,34.3,27.1,31.6,32.2,78.4,0.082,100,20.83,rain,0,0,35.5,14.6,184.3,1013.3,76,9.5,44.8,3.8,3,,2025-02-01T07:35:22,2025-02-01T17:11:14,0.12,"Rain, Partially cloudy",Partly cloudy throughout the day with rain in the morning and afternoon.,rain,"72793024233,KSEA,KBFI,72793524234,72793494248,F0821,KRNT"
seattle,2025-02-02,37.5,31.2,34.2,30.2,25.7,27.8,31,87.9,0.037,100,20.83,"rain,snow",0,0,25.9,12.1,148,1010.5,81.7,8.2,46.5,4,4,,2025-02-02T07:34:02,2025-02-02T17:12:49,0.15,"Snow, Rain, Partially cloudy",Partly cloudy throughout the day with late afternoon rain or snow.,rain,"72793024233,KSEA,KBFI,72793524234,72793494248,F0821,KRNT"
seattle,2025-02-03,38.7,32.1,35,35.3,26.1,31,31.5,86.9,0.017,0,4.17,"rain,snow",0.2,0.3,15.4,8.5,129.6,1009.7,94.1,8.8,33.6,2.9,2,,2025-02-03T07:32:40,2025-02-03T17:14:24,0.19,Overcast,Cloudy skies throughout the day.,cloudy,"72793024233,KSEA,KBFI,72793524234,72793494248,F0821,KRNT"
seattle,2025-02-04,42.7,30.3,35.8,40.8,27,32.9,28.8,77.1,0,0,0,"rain,snow",0.2,1.7,11.9,7.3,24.8,1008.3,73.7,9.5,97.9,8.4,5,,2025-02-04T07:31:17,2025-02-04T17:15:58,0.22,Partially cloudy,Partly cloudy throughout the day.,partly-cloudy-day,"72793024233,KSEA,KBFI,72793524234,72793494248,F0821,KRNT"
seattle,2025-02-05,38.9,30.8,34.9,36.8,26,31.8,29.9,81.9,0.063,100,20.83,"rain,snow",0.3,0.1,19.7,10,87,1011.4,97.3,8.3,36.7,3.1,2,,2025-02-05T07:29:52,2025-02-05T17:17:33,0.25,"Snow, Rain, Overcast",Cloudy skies throughout the day with rain or snow.,snow,"72793024233,KSEA,KBFI,72793524234,72793494248,F0821,KRNT"
seattle,2025-02-06,39.1,33,35.7,36.2,27.1,31.3,31.5,84.6,0.108,100,20.83,"rain,snow",0.2,0.3,24.2,12.5,13.1,1016,91.1,8.2,80.3,7,6,,2025-02-06T07:28:25,2025-02-06T17:19:09,0.3,"Snow, Rain, Overcast",Cloudy skies throughout the day with early morning snow or rain.,snow,"72793024233,KSEA,KBFI,72793524234,72793494248,F0821,KRNT"
seattle,2025-02-07,39.8,28.3,34.9,35.1,24.3,30.8,26.3,71.2,0,0,0,,0,0,18.3,8.2,111.6,1020,52.9,9.9,81.4,7,5,,2025-02-07T07:26:56,2025-02-07T17:20:44,0.33,Partially cloudy,Partly cloudy throughout the day.,partly-cloudy-day,"72793024233,KSEA,KBFI,72793524234,72793494248,F0821,KRNT"
seattle,2025-02-08,40.7,34.9,37.3,40.7,31.3,36.6,32.9,84.2,0.011,0,0,"rain,snow",0,0,9.2,4.9,60.9,1027.7,99,8.9,47.2,4,3,,2025-02-08T07:25:26,2025-02-08T17:22:19,0.37,Overcast,Cloudy skies throughout the day.,cloudy,"72793024233,KSEA,KBFI,72793524234,72793494248,F0821,KRNT"
seattle,2025-02-09,42.4,34.9,38.2,40.7,31.2,36.4,30.6,74.9,0,0,0,,0,0,11.9,5.6,0.6,1032.6,90.4,8.8,78.5,6.8,3,,2025-02-09T07:23:54,2025-02-09T17:23:54,0.4,Overcast,Cloudy skies throughout the day.,cloudy,"72793024233,KSEA,KBFI,72793524234,72793494248,F0821,KRNT"
seattle,2025-02-10,39.4,31,34.5,34.7,26.6,31.2,23.9,66.2,0,0,0,,0,0,19.7,10.6,11.3,1031.6,77.9,9.9,70.5,6.1,3,,2025-02-10T07:22:21,2025-02-10T17:25:29,0.44,Partially cloudy,Partly cloudy throughout the day.,partly-cloudy-day,"72793024233,KSEA,KBFI,72793524234,72793494248,F0821,KRNT"
seattle,2025-02-11,36.8,23.7,30.6,31.7,19.8,28,14.9,52.6,0,0,0,,0,0,15.7,8.1,3.5,1026.2,2,9.9,123,10.5,5,,2025-02-11T07:20:46,2025-02-11T17:27:03,0.47,Clear,Clear conditions throughout the day.,clear-day,"72793024233,KSEA,KBFI,72793524234,72793494248,F0821,KRNT"
seattle,2025-02-12,43.2,22,32.2,42,22,29.7,13.1,48.5,0,0,0,,0,0,26.4,10.4,79.3,1015.1,3.8,9.9,124.8,10.7,5,,2025-02-12T07:19:10,2025-02-12T17:28:38,0.5,Clear,Clear conditions throughout the day.,clear-day,"72793024233,KSEA,KBFI,72793524234,72793494248,F0821,KRNT"
seattle,2025-02-13,38.4,26.9,33.3,36.1,23.9,30,16,50.9,0,0,0,rain,0,0,32.4,13,81.2,998.5,56.3,9.6,47.5,4.1,2,,2025-02-13T07:17:33,2025-02-13T17:30:13,0.54,Partially cloudy,Partly cloudy throughout the day.,partly-cloudy-day,"72793024233,KSEA,KBFI,72793524234,72793494248,F0821,KRNT"
seattle,2025-02-14,40.1,33,37,36.6,26.7,33.2,32.1,82.6,0.018,100,4.17,"rain,snow",0.2,0,17.7,8.5,140.4,1014.7,98.4,8.6,44.7,4,3,,2025-02-14T07:15:54,2025-02-14T17:31:47,0.57,"Snow, Rain, Overcast",Cloudy skies throughout the day with late afternoon rain or snow.,snow,"72793024233,KSEA,KBFI,72793524234,72793494248,F0821,KRNT"
seattle,2025-02-15,43.7,37.9,40.6,43.7,34.2,39.4,35.7,82.7,0.028,100,8.33,rain,0,0,15.9,5.1,133,1024.2,98.9,9.8,31.3,2.6,1,,2025-02-15T07:14:14,2025-02-15T17:33:21,0.61,"Rain, Overcast",Cloudy skies throughout the day with late afternoon rain.,rain,"72793024233,KSEA,KBFI,72793524234,72793494248,F0821,KRNT"
seattle,2025-02-16,53,39.1,44.2,53,34.4,41.1,40.3,86.2,0.077,100,29.17,rain,0,0,23.7,9.3,150.8,1012.5,99.6,9.4,42.5,3.9,2,,2025-02-16T07:12:32,2025-02-16T17:34:55,0.64,"Rain, Overcast",Cloudy skies throughout the day with rain.,rain,"72793024233,KSEA,KBFI,72793524234,72793494248,F0821,KRNT"
seattle,2025-02-17,48.8,42.9,45.5,47.8,38.6,43.1,43.2,91.5,0.091,100,33.33,rain,0,0,15.7,7.1,142.6,1013.8,100,7,35,3,2,,2025-02-17T07:10:50,2025-02-17T17:36:29,0.67,"Rain, Overcast",Cloudy skies throughout the day with rain.,rain,"72793024233,KSEA,KBFI,72793524234,72793494248,F0821,KRNT"
seattle,2025-02-18,54.2,43.8,48.2,54.2,40.8,47.1,41.9,79.7,0,0,0,,0,0,14.3,6,147.8,1019.7,96.3,9.8,64.2,5.5,4,,2025-02-18T07:09:06,2025-02-18T17:38:03,0.7,Overcast,Cloudy skies throughout the day.,cloudy,"72793024233,KSEA,KBFI,72793524234,72793494248,F0821,KRNT"
seattle,2025-02-19,52.4,45.1,48.6,52.4,39.8,45,40.6,74.2,0.086,100,16.67,rain,0,0,35.9,19.1,174.4,1014.6,86,9.8,49,4.1,3,,2025-02-19T07:07:21,2025-02-19T17:39:36,0.73,"Rain, Partially cloudy",Partly cloudy throughout the day with early morning rain.,rain,"72793024233,KSEA,KBFI,72793524234,72793494248,F0821,KRNT"
seattle,2025-02-20,49.9,42.6,46.6,48.3,38,43.1,39.5,76.6,0.005,0,0,rain,0,0,30,17.4,171.2,1027.9,90.1,9.7,45.3,3.9,2,,2025-02-20T07:05:35,2025-02-20T17:41:09,0.75,Overcast,Cloudy skies throughout the day.,cloudy,"72793024233,KSEA,KBFI,72793524234,72793494248,F0821,KRNT"
seattle,2025-02-21,51.4,40.8,46.3,51.4,40.7,45.2,40.8,81.6,0.128,100,25,rain,0,0,17.4,9,139.5,1020.8,81.5,9.2,31.3,2.9,2,,2025-02-21T07:03:48,2025-02-21T17:42:42,0.8,"Rain, Partially cloudy",Partly cloudy throughout the day with rain.,rain,"72793024233,KSEA,KBFI,72793524234,72793494248,F0821,KRNT"
seattle,2025-02-22,54.4,46.9,50.2,54.4,43.6,49.6,47.6,90.8,0.342,100,37.5,rain,0,0,41.6,9.2,164.8,1014,98.3,8.3,20.8,1.8,1,,2025-02-22T07:02:00,2025-02-22T17:44:15,0.83,"Rain, Overcast",Cloudy skies throughout the day with rain.,rain,"72793024233,KSEA,KBFI,72793524234,72793494248,F0821,KRNT"
seattle,2025-02-23,53.9,47.2,50.2,53.9,44.4,49.2,47.1,89.2,0.276,100,29.17,rain,0,0,41.8,16.5,173.6,1011.4,95.7,8.5,20.4,1.9,1,,2025-02-23T07:00:11,2025-02-23T17:45:47,0.86,"Rain, Overcast",Cloudy skies throughout the day with rain.,rain,"72793024233,KSEA,KBFI,72793524234,72793494248,F0821,KRNT"
seattle,2025-02-24,51.7,42.6,47.9,51.7,42.6,46.3,41.5,78.9,0.256,100,25,rain,0,0,38.9,19.1,151.4,1009.1,78.4,9.4,28.9,2.4,2,,2025-02-24T06:58:21,2025-02-24T17:47:19,0.9,"Rain, Partially cloudy",Partly cloudy throughout the day with rain.,rain,"72793024233,KSEA,KBFI,72793524234,72793494248,F0821,KRNT"
seattle,2025-02-25,50.5,42.5,47.4,50.5,37.3,41.9,42.1,81.7,0.275,100,33.33,rain,0,0,51.6,27.7,179,1015.5,80.5,8.7,49.8,4.2,3,,2025-02-25T06:56:30,2025-02-25T17:48:51,0.93,"Rain, Partially cloudy",Partly cloudy throughout the day with rain clearing later.,rain,"72793024233,KSEA,KBFI,72793524234,72793494248,F0821,KRNT"
seattle,2025-02-26,58.2,36.1,46.7,58.2,32.8,45.9,38,73.9,0,0,0,,0,0,15.7,7.5,13.3,1021.8,19.5,9.9,109,9.5,6,,2025-02-26T06:54:38,2025-02-26T17:50:22,0.96,Clear,Clear conditions throughout the day.,clear-day,"72793024233,KSEA,KBFI,72793524234,72793494248,F0821,KRNT"
seattle,2025-02-27,64.2,38.6,51.4,64.2,34.8,50.5,39.1,65.6,0,0,0,,0,0,15.4,8.9,173.6,1021.6,19.9,9.9,148.9,12.9,6,,2025-02-27T06:52:46,2025-02-27T17:51:54,0,Clear,Clear conditions throughout the day.,clear-day,"72793024233,KSEA,KBFI,72793524234,72793494248,F0821,KRNT"
seattle,2025-02-28,59.5,38.8,48.8,59.5,38.8,48.6,42.8,80.7,0,0,0,,0,0,13.2,8.6,339.7,1019.2,15.8,9.4,152.6,13.2,6,,2025-02-28T06:50:52,2025-02-28T17:53:25,0.03,Clear,Clear conditions throughout the day.,clear-day,"72793024233,KSEA,KBFI,72793524234,72793494248,F0821,KRNT"
seattle,2025-03-01,62.6,38.2,49.1,62.6,35.9,48.7,42.3,79.7,0,0,0,,0,0,16.1,8.6,229.8,1011.8,43.5,8.5,126.1,11.1,6,,2025-03-01T06:48:58,2025-03-01T17:54:55,0.06,Partially cloudy,Partly cloudy throughout the day.,partly-cloudy-day,"72793024233,KSEA,KBFI,72793524234,72793494248,F0821,KRNT"
seattle,2025-03-02,51,45.4,48.7,51,44.5,47.6,44.4,85.2,0,0,0,,0,0,11.4,8.6,323.9,1014,92.8,9.9,51.5,4.4,2,,2025-03-02T06:47:04,2025-03-02T17:56:26,0.1,Overcast,Cloudy skies throughout the day.,cloudy,"72793024233,KSEA,KBFI,72793524234,72793494248,F0821,KRNT"
seattle,2025-03-03,52.2,46.9,48.7,52.2,43.3,47.2,43.8,83.7,0.004,0,0,rain,0,0,15.9,8.5,188.7,1019,98.7,9.4,59.7,5.3,3,,2025-03-03T06:45:08,2025-03-03T17:57:56,0.13,Overcast,Cloudy skies throughout the day.,cloudy,"72793024233,KSEA,KBFI,72793524234,72793494248,F0821,KRNT"
seattle,2025-03-04,50.1,42.7,46,50.1,39.7,44,42.2,86.7,0.149,100,20.83,rain,0,0,24.6,14.5,165.2,1018.7,83.8,9.3,48.2,4.2,3,,2025-03-04T06:43:12,2025-03-04T17:59:25,0.17,"Rain, Partially cloudy",Partly cloudy throughout the day with rain.,rain,"72793024233,KSEA,KBFI,72793524234,72793494248,F0821,KRNT"
seattle,2025-03-05,52.9,37.9,45.9,52.9,35.4,43.9,37.6,74.5,0,0,0,,0,0,18.1,9.9,355.4,1018.2,28.1,9.9,167.3,14.4,7,,2025-03-05T06:41:16,2025-03-05T18:00:55,0.2,Partially cloudy,Partly cloudy throughout the day.,partly-cloudy-day,"72793024233,KSEA,KBFI,72793524234,72793494248,F0821,KRNT"
seattle,2025-03-06,52.9,41.3,45.8,52.9,39.3,44.7,36.7,71.4,0,0,0,,0,0,15,6.7,14.9,1017.1,53.6,9.9,129.2,11.2,7,,2025-03-06T06:39:18,2025-03-06T18:02:24,0.25,Partially cloudy,Partly cloudy throughout the day.,partly-cloudy-day,"72793024233,KSEA,KBFI,72793524234,72793494248,F0821,KRNT"
seattle,2025-03-07,51.2,37.5,44.5,51.2,32.1,41.3,35.3,71,0,0,0,,0,0,21.9,12.4,163.1,1022.3,71.3,9.9,108.3,9.3,5,,2025-03-07T06:37:21,2025-03-07T18:03:53,0.27,Partially cloudy,Partly cloudy throughout the day.,partly-cloudy-day,"72793024233,KSEA,KBFI,72793524234,72793494248,F0821,KRNT"
seattle,2025-03-08,56.3,44.4,50.2,56.3,41.9,49,40.5,70,0.005,0,0,rain,0,0,25.3,12.8,170.6,1020.8,96.1,9.8,36.5,3.2,2,,2025-03-08T06:35:22,2025-03-08T18:05:22,0.31,Overcast,Cloudy skies throughout the day.,cloudy,"72793024233,KSEA,KBFI,72793524234,72793494248,F0821,KRNT"
seattle,2025-03-09,55.4,39.7,48.1,55.4,34.8,45.7,39.6,74.1,0.304,100,25,rain,0,0,28.8,16.5,171.6,1015.6,85.6,9.1,58.9,4.9,2,,2025-03-09T07:33:24,2025-03-09T19:06:50,0.34,"Rain, Partially cloudy",Partly cloudy throughout the day with rain.,rain,"72793024233,KSEA,KBFI,72793524234,72793494248,F0821,KRNT"
seattle,2025-03-10,46.3,39,42.5,45.3,34.3,39.4,36.8,80.8,0.004,0,0,rain,0,0,14.3,8.2,152.9,1016.6,96.1,9.4,63.6,5.3,2,,2025-03-10T07:31:25,2025-03-10T19:08:19,0.38,Overcast,Cloudy skies throughout the day.,cloudy,"72793024233,KSEA,KBFI,72793524234,72793494248,F0821,KRNT"
seattle,2025-03-11,51.5,39.8,44.9,51.5,34.2,42.3,36.3,72.9,0,0,0,,0,0,14.8,8.7,152.3,1006.4,93.3,9.8,81.9,7,3,,2025-03-11T07:29:25,2025-03-11T19:09:47,0.41,Overcast,Cloudy skies throughout the day.,cloudy,"72793024233,KSEA,KBFI,72793524234,72793494248,F0821,KRNT"
seattle,2025-03-12,52.2,43.9,46.9,52.2,39.8,45.2,41.7,82.5,0.205,100,37.5,rain,0,0,21.3,8.7,168.6,998.5,93.3,9.3,61.9,5.4,3,,2025-03-12T07:27:25,2025-03-12T19:11:14,0.45,"Rain, Overcast",Cloudy skies throughout the day with rain.,rain,"72793024233,KSEA,KBFI,72793524234,72793494248,F0821,KRNT"
seattle,2025-03-13,47.6,37.7,42.1,42.8,31.5,37,36.9,82.2,0.252,100,41.67,rain,0,0,29.9,18.2,184.1,1001,85.6,9.1,144,12.4,7,,2025-03-13T07:25:25,2025-03-13T19:12:42,0.5,"Rain, Partially cloudy",Partly cloudy throughout the day with a chance of rain throughout the day.,rain,"72793024233,KSEA,KBFI,72793524234,72793494248,F0821,KRNT"
seattle,2025-03-14,50.1,34.7,42.5,50.1,30.2,40.8,32.7,70.9,0.003,0,0,rain,0,0,17,7.2,117.9,1000.4,79,9.9,103.6,9,6,,2025-03-14T07:23:24,2025-03-14T19:14:09,0.52,Partially cloudy,Partly cloudy throughout the day.,partly-cloudy-day,"72793024233,KSEA,KBFI,72793524234,72793494248,F0821,KRNT"
seattle,2025-03-15,48,40.9,44.3,43.9,36.4,39.3,39.3,82.7,0.602,100,50,rain,0,0,31.7,17.7,179.5,1001.7,97.7,8.4,96.6,8.4,8,,2025-03-15T07:21:24,2025-03-15T19:15:36,0.55,"Rain, Overcast",Cloudy skies throughout the day with a chance of rain throughout the day.,rain,"72793024233,KSEA,KBFI,72793524234,72793494248,F0821,KRNT"
seattle,2025-03-16,51,39.8,44,51,35.2,41.3,37.3,78.5,0.036,100,4.17,rain,0,0,24.1,14.3,188.5,1004,79.6,9.4,123,10.5,7,,2025-03-16T07:19:23,2025-03-16T19:17:03,0.58,"Rain, Partially cloudy",Partly cloudy throughout the day with early morning rain.,rain,"72793024233,KSEA,KBFI,72793524234,72793494248,F0821,KRNT"
seattle,2025-03-17,52.7,37.6,42.7,52.7,32.6,39.7,36.6,80.1,0.142,100,12.5,rain,0,0,25.3,12.4,163.4,1014.6,83.7,9.3,89.8,7.8,7,,2025-03-17T07:17:22,2025-03-17T19:18:30,0.62,"Rain, Partially cloudy",Partly cloudy throughout the day with late afternoon rain.,rain,"72793024233,KSEA,KBFI,72793524234,72793494248,F0821,KRNT"
seattle,2025-03-18,50,33.8,42.5,47.1,28.2,39,34.8,75.9,0.201,100,8.33,rain,0,0,16.8,10.2,169.9,1026.4,70.1,9.4,136.1,11.7,5,,2025-03-18T07:15:20,2025-03-18T19:19:57,0.65,"Rain, Partially cloudy",Partly cloudy throughout the day with early morning rain.,rain,"72793024233,KSEA,KBFI,72793524234,72793494248,F0821,KRNT"
seattle,2025-03-19,54.9,43,49.1,54.9,39.2,47.4,34,57.7,0,0,0,,0,0,34.2,19.6,154.9,1018.6,89.7,9.9,68.1,5.9,3,,2025-03-19T07:13:19,2025-03-19T19:21:23,0.68,Partially cloudy,Partly cloudy throughout the day.,partly-cloudy-day,"72793024233,KSEA,KBFI,72793524234,72793494248,F0821,KRNT"
seattle,2025-03-20,49.9,42.2,45.9,44.9,35.4,40.5,39.7,79.2,0.222,100,37.5,rain,0,0,30.5,15.3,176.6,1015.3,95.1,9.1,53.3,4.6,2,,2025-03-20T07:11:17,2025-03-20T19:22:50,0.71,"Rain, Overcast",Cloudy skies throughout the day with rain.,rain,"72793024233,KSEA,KBFI,72793524234,72793494248,F0821,KRNT"
seattle,2025-03-21,52.1,44,47.9,52.1,38.8,43.9,41.2,78,0.189,100,16.67,rain,0,0,30.2,16.2,189.7,1011.5,92.4,9.3,119.8,10.4,7,,2025-03-21T07:09:15,2025-03-21T19:24:16,0.75,"Rain, Overcast",Cloudy skies throughout the day with rain.,rain,"72793024233,KSEA,KBFI,72793524234,72793494248,F0821,KRNT"
seattle,2025-03-22,53.6,40.7,46.7,53.6,37.4,44.7,36.8,70.2,0,0,0,,0,0,20.4,8.5,186.2,1018.3,88.1,9.9,142.7,12.2,6,,2025-03-22T07:07:14,2025-03-22T19:25:42,0.75,Partially cloudy,Partly cloudy throughout the day.,partly-cloudy-day,"72793024233,KSEA,KBFI,72793524234,72793494248,F0821,KRNT"
seattle,2025-03-23,55.3,44.8,49.7,55.3,40.7,48.2,47.4,91.5,0.172,100,54.17,rain,0,0,30,16.7,172.8,1017.3,99.7,6.6,41.3,3.4,2,,2025-03-23T07:05:12,2025-03-23T19:27:08,0.81,"Rain, Overcast",Cloudy skies throughout the day with rain.,rain,"72793024233,KSEA,KBFI,72793524234,72793494248,F0821,KRNT"
seattle,2025-03-24,57.8,52.7,54.9,57.8,52.7,54.9,51.9,89.6,0.053,100,16.67,rain,0,0,27.6,14.8,178.7,1021.3,94.1,9,42.4,3.6,2,,2025-03-24T07:03:10,2025-03-24T19:28:34,0.85,"Rain, Overcast",Cloudy skies throughout the day with rain in the morning and afternoon.,rain,"72793024233,KSEA,KBFI,72793524234,72793494248,F0821,KRNT"
seattle,2025-03-25,70.6,51.2,58.6,70.6,51.2,58.6,52.3,81.2,0,0,0,,0,0,12.1,8.4,325.4,1017.6,57.3,7.9,197.5,17.2,7,,2025-03-25T07:01:08,2025-03-25T19:29:59,0.88,Partially cloudy,Clearing in the afternoon.,partly-cloudy-day,"72793024233,KSEA,KBFI,72793524234,72793494248,F0821,KRNT"
seattle,2025-03-26,62.6,50,55.3,62.6,48.9,55.3,50.6,84.8,0.339,100,20.83,rain,0,0,29.5,12,317.5,1006.4,69.1,8.7,117.2,10.1,6,,2025-03-26T06:59:07,2025-03-26T19:31:25,0.91,"Rain, Partially cloudy",Partly cloudy throughout the day with late afternoon rain.,rain,"72793024233,KSEA,KBFI,72793524234,72793494248,F0821,KRNT"
seattle,2025-03-27,59.8,48.1,53.6,59.8,48.1,53.6,46,76.9,0.096,100,25,rain,0,0,29.9,11,152.3,1003.6,90.7,9.5,101.1,8.6,7,,2025-03-27T06:57:05,2025-03-27T19:32:50,0.95,"Rain, Overcast",Cloudy skies throughout the day with early morning rain.,rain,"72793024233,KSEA,KBFI,72793524234,72793494248,F0821,KRNT"
seattle,2025-03-28,53.3,45,49.9,53.3,41.9,48.8,44.1,80.8,0.234,100,58.33,rain,0,0,29.8,11.2,168.8,1007.2,88.2,9.4,110,9.6,4,,2025-03-28T06:55:04,2025-03-28T19:34:16,0.98,"Rain, Partially cloudy",Partly cloudy throughout the day with a chance of rain throughout the day.,rain,"72793024233,KSEA,KBFI,72793524234,72793494248,F0821,KRNT"
seattle,2025-03-29,55.9,42.2,48.2,55.9,38.4,46.6,39.5,73.4,0,0,0,,0,0,20.1,11.9,164.3,1017.2,68.2,9.9,127.5,10.9,6,,2025-03-29T06:53:03,2025-03-29T19:35:41,0,Partially cloudy,Partly cloudy throughout the day.,partly-cloudy-day,"72793024233,KSEA,KBFI,72793524234,72793494248,F0821,KRNT"
seattle,2025-03-30,63.8,41,52.1,63.8,38.1,51.1,35.9,60.1,0.018,100,4.17,rain,0,0,35.5,17.7,108.3,1006,47.1,9.9,176.9,15.2,7,,2025-03-30T06:51:02,2025-03-30T19:37:07,0.05,"Rain, Partially cloudy",Partly cloudy throughout the day with late afternoon rain.,rain,"72793024233,KSEA,KBFI,72793524234,72793494248,F0821,KRNT"
seattle,2025-03-31,53.4,43.8,48.1,53.4,41.4,46.1,41.1,77.6,0.042,100,12.5,rain,0,0,22.8,10.6,181.3,1005,77.9,9.6,152.2,13,5,,2025-03-31T06:49:01,2025-03-31T19:38:32,0.08,"Rain, Partially cloudy",Partly cloudy throughout the day with rain.,rain,"72793024233,KSEA,KBFI,72793524234,72793494248,F0821,KRNT"
seattle,2025-04-01,52.2,43.7,47.1,52.2,39.6,45.3,40.8,79,0.039,100,8.33,rain,0,0,14.8,7.5,161.1,1009.8,98.7,9.7,134.3,11.6,7,,2025-04-01T06:47:00,2025-04-01T19:39:57,0.11,"Rain, Overcast",Cloudy skies throughout the day with morning rain.,rain,"72793024233,KSEA,KBFI,72793524234,72793494248,F0821,KRNT"
seattle,2025-04-02,52.1,43.5,47,52.1,38.9,44.7,39.4,75.4,0.138,100,12.5,rain,0,0,23,9.5,192,1013.8,94.6,9.5,139.6,12,7,,2025-04-02T06:45:00,2025-04-02T19:41:22,0.15,"Rain, Overcast",Cloudy skies throughout the day with early morning rain.,rain,"72793024233,KSEA,KBFI,72793524234,72793494248,F0821,KRNT"
seattle,2025-04-03,56.1,43,48.5,56.1,40.6,48.2,38.1,69.6,0,0,0,,0,0,11.2,7.1,340.9,1021,64.5,9.9,207.1,17.8,8,,2025-04-03T06:43:00,2025-04-03T19:42:47,0.18,Partially cloudy,Partly cloudy throughout the day.,partly-cloudy-day,"72793024233,KSEA,KBFI,72793524234,72793494248,F0821,KRNT"
seattle,2025-04-04,65.6,38.3,51.2,65.6,34.8,50.8,36.2,61.2,0,0,0,,0,0,12.8,8.1,347.5,1027.3,13,9.9,229.7,19.7,7,,2025-04-04T06:41:01,2025-04-04T19:44:12,0.25,Clear,Clear conditions throughout the day.,clear-day,"72793024233,KSEA,KBFI,72793524234,72793494248,F0821,KRNT"
seattle,2025-04-05,70.2,42.8,56.6,70.2,42.8,56.6,37.2,53.1,0,0,0,,0,0,12.3,8,248.7,1024.6,19.4,9.9,198.5,17,8,,2025-04-05T06:39:02,2025-04-05T19:45:37,0.25,Clear,Clear conditions throughout the day.,clear-day,"72793024233,KSEA,KBFI,72793524234,72793494248,F0821,KRNT"
seattle,2025-04-06,59.9,49.7,53.8,59.9,47.5,53.6,44.3,72.8,0.243,100,37.5,rain,0,0,19.9,8,168.8,1018.5,99.3,8.5,47.7,4.1,2,,2025-04-06T06:37:03,2025-04-06T19:47:03,0.29,"Rain, Overcast",Cloudy skies throughout the day with rain.,rain,"72793024233,KSEA,KBFI,72793524234,72793494248,F0821,KRNT"
seattle,2025-04-07,58.2,46.9,50.8,58.2,42.3,49.6,46.5,85.8,0.381,100,37.5,rain,0,0,28.9,13.5,173.4,1012.2,94.2,9,77.7,6.9,4,,2025-04-07T06:35:05,2025-04-07T19:48:28,0.32,"Rain, Overcast",Cloudy skies throughout the day with a chance of rain throughout the day.,rain,"72793024233,KSEA,KBFI,72793524234,72793494248,F0821,KRNT"
seattle,2025-04-08,54.9,45.9,48.6,54.9,42,45.7,44.2,85,0.42,100,66.67,rain,0,0,35.9,20,173.6,1015,90,8.6,119.1,10.2,10,,2025-04-08T06:33:07,2025-04-08T19:49:53,0.35,"Rain, Partially cloudy",Partly cloudy throughout the day with a chance of rain throughout the day.,rain,"72793024233,KSEA,KBFI,72793524234,72793494248,F0821,KRNT"
seattle,2025-04-09,58.8,41.9,51.6,58.8,37.5,50.1,40.2,67.3,0,0,0,,0,0,20.4,11.2,193.6,1023.8,40.9,9.9,163.8,14.3,9,,2025-04-09T06:31:09,2025-04-09T19:51:18,0.39,Partially cloudy,Partly cloudy throughout the day.,partly-cloudy-day,"72793024233,KSEA,KBFI,72793524234,72793494248,F0821,KRNT"
seattle,2025-04-10,61.1,46.3,52.8,61.1,46.3,52.7,45.1,75.9,0.171,100,25,rain,0,0,29.1,13.5,199.2,1019.5,61.9,9.5,150.2,12.9,6,,2025-04-10T06:29:13,2025-04-10T19:52:43,0.42,"Rain, Partially cloudy",Partly cloudy throughout the day with rain.,rain,"72793024233,KSEA,KBFI,72793524234,72793494248,F0821,KRNT"
seattle,2025-04-11,54.6,43.8,49.1,54.6,40.2,47.6,38.6,68.5,0,0,0,,0,0,23,8.2,251.1,1025.5,76.2,9.9,190.8,16.6,9,,2025-04-11T06:27:17,2025-04-11T19:54:07,0.46,Partially cloudy,Partly cloudy throughout the day.,partly-cloudy-day,"72793024233,KSEA,KBFI,72793524234,72793494248,F0821,KRNT"
seattle,2025-04-12,54,43.7,48.5,54,40.9,47.5,36.3,64.1,0.018,100,4.17,rain,0,0,15.9,8.9,41.1,1026.6,76.2,9.8,175.5,15.2,10,,2025-04-12T06:25:21,2025-04-12T19:55:32,0.5,"Rain, Partially cloudy",Partly cloudy throughout the day with early morning rain.,rain,"72793024233,KSEA,KBFI,72793524234,72793494248,F0821,KRNT"
seattle,2025-04-13,60.2,38.9,49.9,60.2,38.9,49.7,35.8,60.9,0,0,0,,0,0,18.3,11.1,332.6,1028.9,12.2,9.9,259.9,22.4,8,,2025-04-13T06:23:26,2025-04-13T19:56:57,0.53,Clear,Clear conditions throughout the day.,clear-day,"72793024233,KSEA,KBFI,72793524234,72793494248,F0821,KRNT"
seattle,2025-04-14,65.3,45.5,54.6,65.3,41.6,53.6,38.8,56.6,0,0,0,,0,0,21.9,13.1,340.6,1021.3,12.9,9.9,264.1,22.9,8,,2025-04-14T06:21:32,2025-04-14T19:58:22,0.56,Clear,Clear conditions throughout the day.,clear-day,"72793024233,KSEA,KBFI,72793524234,72793494248,F0821,KRNT"
seattle,2025-04-15,65,46.3,56.1,65,46.3,56.1,43.1,63,0,0,0,,0,0,18.1,10.6,336.8,1019.1,15.1,9.9,254.1,21.9,8,,2025-04-15T06:19:38,2025-04-15T19:59:47,0.59,Clear,Clear conditions throughout the day.,clear-day,"72793024233,KSEA,KBFI,72793524234,72793494248,F0821,KRNT"
seattle,2025-04-16,60.7,46.7,54.4,60.7,46.7,54.3,37.4,54.8,0,0,0,,0,0,24.1,13.8,343.9,1018.3,27.5,9.9,267.5,23.1,8,,2025-04-16T06:17:45,2025-04-16T20:01:12,0.63,Partially cloudy,Partly cloudy throughout the day.,partly-cloudy-day,"72793024233,KSEA,KBFI,72793524234,72793494248,F0821,KRNT"
seattle,2025-04-17,64.8,42.4,54.7,64.8,41.8,54.6,31,44.8,0,0,0,,0,0,31.1,11.6,337.7,1020.5,2,9.9,278.2,24,8,,2025-04-17T06:15:53,2025-04-17T20:02:37,0.66,Clear,Clear conditions throughout the day.,clear-day,"72793024233,KSEA,KBFI,72793524234,72793494248,F0821,KRNT"
seattle,2025-04-18,72.3,41.7,57.4,72.3,38.6,57.2,32.9,43.2,0,0,0,,0,0,11.4,6.7,321.1,1019.5,14.2,9.9,274,23.9,8,,2025-04-18T06:14:02,2025-04-18T20:04:02,0.7,Clear,Clear conditions throughout the day.,clear-day,"72793024233,KSEA,KBFI,72793524234,72793494248,F0821,KRNT"
seattle,2025-04-19,59.1,49.9,53.9,59.1,46.2,53.8,43.3,68.8,0.036,100,8.33,rain,0,0,21.9,11.8,229.1,1021.7,91.3,9.2,119.3,10.4,9,,2025-04-19T06:12:12,2025-04-19T20:05:26,0.73,"Rain, Overcast",Cloudy skies throughout the day with rain in the morning and afternoon.,rain,"72793024233,KSEA,KBFI,72793524234,72793494248,F0821,KRNT"
seattle,2025-04-20,56.8,47.9,50.3,56.8,44.1,48.3,42.6,75.4,0.507,100,33.33,rain,0,0,27.4,10.6,167.5,1023,98.5,8.9,110.1,9.5,6,,2025-04-20T06:10:22,2025-04-20T20:06:51,0.75,"Rain, Overcast",Cloudy skies throughout the day with rain.,rain,"72793024233,KSEA,KBFI,72793524234,72793494248,F0821,KRNT"
seattle,2025-04-21,57.1,43.5,50.2,57.1,38.9,48.6,38,65.4,0.13,100,8.33,rain,0,0,19.7,10.2,168.8,1023.5,89.5,9.7,193.1,16.9,9,,2025-04-21T06:08:34,2025-04-21T20:08:16,0.8,"Rain, Partially cloudy",Partly cloudy throughout the day with early morning rain.,rain,"72793024233,KSEA,KBFI,72793524234,72793494248,F0821,KRNT"
seattle,2025-04-22,59.5,41.6,51,59.5,41.6,50.8,38.6,64.3,0,0,0,,0,0,19.7,12,328.4,1023.1,15,9.9,285,24.5,9,,2025-04-22T06:06:46,2025-04-22T20:09:40,0.83,Clear,Clear conditions throughout the day.,clear-day,"72793024233,KSEA,KBFI,72793524234,72793494248,F0821,KRNT"
seattle,2025-04-23,65,42.3,53.4,65,41.2,53.4,38.3,59.8,0,0,0,,0,0,14.8,9.9,323.3,1019.4,2.1,9.9,277.7,23.9,8,,2025-04-23T06:05:00,2025-04-23T20:11:05,0.86,Clear,Clear conditions throughout the day.,clear-day,"72793024233,KSEA,KBFI,72793524234,72793494248,F0821,KRNT"
seattle,2025-04-24,71.1,45.6,57.7,71.1,45.6,57.7,40.4,55.8,0,0,0,,0,0,15.9,10,328.7,1014.7,4.8,9.9,278.6,23.8,8,,2025-04-24T06:03:14,2025-04-24T20:12:29,0.9,Clear,Clear conditions throughout the day.,clear-day,"72793024233,KSEA,KBFI,72793524234,72793494248,F0821,KRNT"
seattle,2025-04-25,70.1,48,60,70.1,48,60,41.3,51.8,0,0,0,,0,0,20.8,13.9,335.8,1010.9,15.1,9.9,264,22.8,8,,2025-04-25T06:01:30,2025-04-25T20:13:53,0.93,Clear,Clear conditions throughout the day.,clear-day,"72793024233,KSEA,KBFI,72793524234,72793494248,F0821,KRNT"
seattle,2025-04-26,63.8,49.2,55.5,63.8,46.2,55.1,44.4,67.3,0,0,0,,0,0,17.2,10.2,196.6,1012.1,39,9.8,218.5,18.8,9,,2025-04-26T05:59:46,2025-04-26T20:15:17,0.97,Partially cloudy,Partly cloudy throughout the day.,partly-cloudy-day,"72793024233,KSEA,KBFI,72793524234,72793494248,F0821,KRNT"
seattle,2025-04-27,58.7,46.2,51.3,58.7,41.4,49.7,41.4,69.1,0,0,0,,0,0,17.2,9.8,181.3,1018.3,81.5,9.9,148.5,12.6,6,,2025-04-27T05:58:04,2025-04-27T20:16:41,0,Partially cloudy,Partly cloudy throughout the day.,partly-cloudy-day,"72793024233,KSEA,KBFI,72793524234,72793494248,F0821,KRNT"
seattle,2025-04-28,55.8,48.8,51.8,55.8,45.5,50.8,43.3,73.1,0.008,0,4.17,rain,0,0,18.6,10.3,181.5,1025.2,98.3,9.8,94.2,8.2,3,,2025-04-28T05:56:23,2025-04-28T20:18:05,0.03,Overcast,Cloudy skies throughout the day.,cloudy,"72793024233,KSEA,KBFI,72793524234,72793494248,F0821,KRNT"
seattle,2025-04-29,56.1,49.8,52.3,56.1,46.7,51.9,46.8,82,0.042,100,16.67,rain,0,0,20.6,9.3,173.2,1022.9,97.2,8.3,71.1,6.1,3,,2025-04-29T05:54:43,2025-04-29T20:19:28,0.07,"Rain, Overcast",Cloudy skies throughout the day with early morning rain.,rain,"72793024233,KSEA,KBFI,72793524234,72793494248,F0821,KRNT"
seattle,2025-04-30,61.2,44.6,52.5,61.2,44.6,52.4,40.8,65.6,0,0,0,,0,0,13.2,7.4,316.3,1023.2,59.3,9.9,224.1,19.3,9,,2025-04-30T05:53:04,2025-04-30T20:20:51,0.1,Partially cloudy,Partly cloudy throughout the day.,partly-cloudy-day,"72793024233,KSEA,KBFI,72793524234,72793494248,F0821,KRNT"
seattle,2025-05-01,74.9,44.9,58.8,74.9,44.9,58.8,44.7,63.2,0,0,0,,0,0,13.4,6.7,334.4,1016.3,0,9.9,293.7,25.5,9,,2025-05-01T05:51:27,2025-05-01T20:22:14,0.13,Clear,Clear conditions throughout the day.,clear-day,"72793024233,KSEA,KBFI,72793524234,72793494248,F0821,KRNT"
seattle,2025-05-02,69.2,52.2,59.6,69.2,52.2,59.6,45.9,62.3,0,0,0,,0,0,25.6,11.5,191.6,1013.3,30.4,9.9,273,23.6,10,,2025-05-02T05:49:51,2025-05-02T20:23:37,0.17,Partially cloudy,Partly cloudy throughout the day.,partly-cloudy-day,"72793024233,KSEA,KBFI,72793524234,72793494248,F0821,KRNT"
seattle,2025-05-03,55,46.3,51.2,55,44.5,50.9,42.1,71.7,0.064,100,12.5,rain,0,0,19.7,9.9,211.9,1019.9,92,9.5,145.8,12.6,6,,2025-05-03T05:48:16,2025-05-03T20:25:00,0.2,"Rain, Overcast",Cloudy skies throughout the day with rain.,rain,"72793024233,KSEA,KBFI,72793524234,72793494248,F0821,KRNT"
seattle,2025-05-04,60.4,42.9,51.9,60.4,42.9,51.9,36.9,60.2,0,0,0,,0,0,20.8,9.9,333.3,1024.3,32.9,9.9,292.8,25.3,9,,2025-05-04T05:46:43,2025-05-04T20:26:22,0.25,Partially cloudy,Partly cloudy throughout the day.,partly-cloudy-day,"72793024233,KSEA,KBFI,72793524234,72793494248,F0821,KRNT"
seattle,2025-05-05,68.5,43.8,56.6,68.5,43.8,56.6,37.5,52.3,0,0,0,,0,0,20.8,9.6,328.3,1024.6,5.6,9.9,298.6,26,9,,2025-05-05T05:45:11,2025-05-05T20:27:44,0.27,Clear,Clear conditions throughout the day.,clear-day,"72793024233,KSEA,KBFI,72793524234,72793494248,F0821,KRNT"
seattle,2025-05-06,77.2,47.3,63.2,77.2,47.3,63.2,39,45.2,0,0,0,,0,0,12.5,7.3,335.4,1017.1,14,9.9,261.3,22.6,8,,2025-05-06T05:43:41,2025-05-06T20:29:05,0.3,Clear,Clear conditions throughout the day.,clear-day,"72793024233,KSEA,KBFI,72793524234,72793494248,F0821,KRNT"
seattle,2025-05-07,66.3,51.2,58.7,66.3,51.2,58.7,43.5,57.3,0,0,0,,0,0,25.3,12.3,199.9,1015.7,64.4,9.9,157.5,13.7,7,,2025-05-07T05:42:12,2025-05-07T20:30:26,0.34,Partially cloudy,Partly cloudy throughout the day.,partly-cloudy-day,"72793024233,KSEA,KBFI,72793524234,72793494248,F0821,KRNT"
seattle,2025-05-08,62.2,45.5,53.7,62.2,43.3,52.9,36.8,54.3,0,0,0,,0,0,21.9,13.2,330.8,1025.2,27.2,9.9,297.8,25.7,9,,2025-05-08T05:40:45,2025-05-08T20:31:46,0.37,Partially cloudy,Partly cloudy throughout the day.,partly-cloudy-day,"72793024233,KSEA,KBFI,72793524234,72793494248,F0821,KRNT"
seattle,2025-05-09,69.4,46.2,57.7,69.4,46.2,57.7,38.2,50.8,0,0,0,,0,0,13.2,8.7,330.3,1021.8,26.5,9.9,294.5,25.3,9,,2025-05-09T05:39:20,2025-05-09T20:33:06,0.4,Partially cloudy,Partly cloudy throughout the day.,partly-cloudy-day,"72793024233,KSEA,KBFI,72793524234,72793494248,F0821,KRNT"
seattle,2025-05-10,63.2,50.9,57,63.2,50.9,57,39.2,52.1,0,0,0,,0,0,23,10.9,204.7,1016.5,47.9,9.9,174,15,7,,2025-05-10T05:37:56,2025-05-10T20:34:26,0.44,Partially cloudy,Becoming cloudy in the afternoon.,partly-cloudy-day,"72793024233,KSEA,KBFI,72793524234,72793494248,F0821,KRNT"
seattle,2025-05-11,61.7,51.2,55,61.7,51.2,55,43.9,66.9,0.004,0,0,rain,0,0,26.4,11.5,172.1,1010,83.9,9.9,210.7,18.2,7,,2025-05-11T05:36:34,2025-05-11T20:35:44,0.47,Partially cloudy,Partly cloudy throughout the day.,partly-cloudy-day,"72793024233,KSEA,KBFI,72793524234,72793494248,F0821,C1943,KRNT"
seattle,2025-05-12,65.6,47.6,55.8,65.6,47.6,55.8,43.9,67,0,0,0,,0,0,20.9,12.7,321.8,1009.2,46,9.9,282.3,24.4,9,,2025-05-12T05:35:13,2025-05-12T20:37:03,0.5,Partially cloudy,Partly cloudy throughout the day.,partly-cloudy-day,"72793024233,KSEA,KBFI,72793524234,72793494248,F0821,KRNT"
seattle,2025-05-13,60.2,50.8,55,60.2,50.8,55,45.9,71.7,0,0,0,,0,0,21.9,10.5,190,1016.7,90.4,9.9,174.6,15.3,6,,2025-05-13T05:33:54,2025-05-13T20:38:20,0.54,Overcast,Cloudy skies throughout the day.,cloudy,"72793024233,KSEA,KBFI,72793524234,72793494248,F0821,KRNT"
seattle,2025-05-14,60.9,49,54.1,60.9,46.2,53.8,43.9,70.3,0.017,0,8.33,rain,0,0,21.7,10.7,192.2,1019.6,98.2,9.1,102.7,8.9,5,,2025-05-14T05:32:37,2025-05-14T20:39:37,0.57,Overcast,Cloudy skies throughout the day.,cloudy,"72793024233,KSEA,KBFI,72793524234,72793494248,F0821,KRNT"
seattle,2025-05-15,55.7,45.2,51.2,55.7,41.8,50.3,42.1,71.9,0.06,100,16.67,rain,0,0,21.9,10.9,182.7,1021,82,9.5,132.2,11.6,4,,2025-05-15T05:31:22,2025-05-15T20:40:53,0.61,"Rain, Partially cloudy",Partly cloudy throughout the day with late afternoon rain.,rain,"72793024233,KSEA,KBFI,72793524234,72793494248,F0821,KRNT"
seattle,2025-05-16,60,48.7,53.7,60,45.6,52.8,47.6,80.2,0,0,0,,0,0,16.8,8.1,173.8,1017.6,98.6,9.8,112,9.6,4,,2025-05-16T05:30:09,2025-05-16T20:42:08,0.64,Overcast,Cloudy skies throughout the day.,cloudy,"72793024233,KSEA,KBFI,72793524234,72793494248,F0821,KRNT"
seattle,2025-05-17,57.3,51.6,54.1,57.3,51.6,54.1,50.5,88,0.378,100,62.5,rain,0,0,24.2,11.3,31,1013,98.7,7.8,89.4,7.6,4,,2025-05-17T05:28:58,2025-05-17T20:43:23,0.68,"Rain, Overcast",Cloudy skies throughout the day with a chance of rain throughout the day.,rain,"72793024233,KSEA,KBFI,72793524234,72793494248,F0821,KRNT"
seattle,2025-05-18,61.3,47.5,53.9,61.3,43.8,53,39.5,59.7,0,0,0,,0,0,21.9,9.5,186,1019.2,75.1,9.9,245.5,21.1,7,,2025-05-18T05:27:49,2025-05-18T20:44:36,0.71,Partially cloudy,Partly cloudy throughout the day.,partly-cloudy-day,"72793024233,KSEA,KBFI,72793524234,72793494248,F0821,KRNT"
seattle,2025-05-19,61.5,48.3,54,61.5,44.1,53.6,44.9,72.3,0.16,100,12.5,rain,0,0,32.7,15.8,187.5,1017.6,73.2,9,240.1,20.8,10,,2025-05-19T05:26:42,2025-05-19T20:45:49,0.75,"Rain, Partially cloudy",Partly cloudy throughout the day with morning rain.,rain,"72793024233,KSEA,KBFI,72793524234,72793494248,F0821,C1943,KRNT"
seattle,2025-05-20,59.2,49,54.2,59.2,44.1,53.5,43.6,68.2,0,0,0,,0,0,28.9,15.4,190.7,1022.4,84.7,9.9,169.6,14.6,7,,2025-05-20T05:25:36,2025-05-20T20:47:00,0.75,Partially cloudy,Partly cloudy throughout the day.,partly-cloudy-day,"72793024233,KSEA,KBFI,72793524234,72793494248,F0821,KRNT"
seattle,2025-05-21,62.1,50.1,55.2,62.1,50.1,55.2,41.8,61.9,0,0,0,,0,0,20.8,10.3,299.8,1022.7,66.4,9.9,244.1,21,8,,2025-05-21T05:24:33,2025-05-21T20:48:11,0.82,Partially cloudy,Partly cloudy throughout the day.,partly-cloudy-day,"72793024233,KSEA,KBFI,72793524234,72793494248,F0821,KRNT"
seattle,2025-05-22,67.8,49.8,58.1,67.8,49.8,58.1,42.3,57.7,0.025,100,4.17,rain,0,0,11.6,8.1,296.9,1018.4,49.6,9.9,314.2,27,9,,2025-05-22T05:23:32,2025-05-22T20:49:20,0.85,"Rain, Partially cloudy",Clearing in the afternoon with early morning rain.,rain,"72793024233,KSEA,KBFI,72793524234,72793494248,F0821,KRNT"
seattle,2025-05-23,66.1,51.4,57.2,66.1,51.4,57.2,42.6,59.4,0,0,0,,0,0,18.3,8.4,279.5,1019.9,55.9,9.9,287.1,24.9,9,,2025-05-23T05:22:34,2025-05-23T20:50:28,0.88,Partially cloudy,Partly cloudy throughout the day.,partly-cloudy-day,"72793024233,KSEA,KBFI,72793524234,72793494248,F0821,KRNT"
seattle,2025-05-24,76,49.3,61.1,76,49.3,61.1,42.3,53,0,0,0,,0,0,11.2,8.2,321.7,1017.1,13.5,9.9,315.4,27.3,9,,2025-05-24T05:21:37,2025-05-24T20:51:35,0.92,Clear,Clear conditions throughout the day.,clear-day,"72793024233,KSEA,KBFI,72793524234,72793494248,F0821,KRNT"
seattle,2025-05-25,68.3,51.5,60.4,68.3,51.5,60.4,45.3,58,0,0,0,,0,0,20.8,11.4,200.4,1015.6,45.4,9.9,257.9,22.2,10,,2025-05-25T05:20:43,2025-05-25T20:52:41,0.95,Partially cloudy,Becoming cloudy in the afternoon.,partly-cloudy-day,"72793024233,KSEA,KBFI,72793524234,72793494248,F0821,KRNT"
seattle,2025-05-26,66.7,54.8,59.6,66.7,54.8,59.6,46.7,65,0.031,100,8.33,rain,0,0,22.6,12,195.9,1019.6,74.2,9.7,235,20.3,10,,2025-05-26T05:19:51,2025-05-26T20:53:45,0,"Rain, Partially cloudy",Partly cloudy throughout the day with morning rain.,rain,"72793024233,KSEA,KBFI,72793524234,72793494248,F0821,KRNT"
seattle,2025-05-27,72.7,49.8,61.4,72.7,49.8,61.4,44.1,55.3,0,0,0,,0,0,21.9,11.5,326.4,1021.3,9.6,9.9,313.6,27.3,9,,2025-05-27T05:19:01,2025-05-27T20:54:48,0.02,Clear,Clear conditions throughout the day.,clear-day,"72793024233,KSEA,KBFI,72793524234,72793494248,F0821,KRNT"
seattle,2025-05-28,82,55.5,68.3,80.7,55.5,68.2,47.5,49.3,0,0,0,,0,0,23.3,12.8,212.5,1012.6,10.4,9.9,317.2,27.6,9,,2025-05-28T05:18:13,2025-05-28T20:55:50,0.05,Clear,Clear conditions throughout the day.,clear-day,"72793024233,KSEA,KBFI,72793524234,72793494248,F0821,KRNT"
seattle,2025-05-29,67.1,56.1,60.4,67.1,56.1,60.4,50.3,70.7,0.06,100,8.33,rain,0,0,27.7,12.2,181.7,1020.4,62.6,9.4,196,17,8,,2025-05-29T05:17:28,2025-05-29T20:56:50,0.09,"Rain, Partially cloudy",Partly cloudy throughout the day with morning rain.,rain,"72793024233,KSEA,KBFI,72793524234,72793494248,F0821,KRNT"
seattle,2025-05-30,75.6,50.6,62.8,75.6,50.6,62.8,43.8,53.1,0,0,0,,0,0,12.1,8.3,331.6,1022.5,13.9,9.9,301.6,26,9,,2025-05-30T05:16:45,2025-05-30T20:57:49,0.12,Clear,Clear conditions throughout the day.,clear-day,"72793024233,KSEA,KBFI,72793524234,72793494248,F0821,KRNT"
seattle,2025-05-31,63.3,53.1,58.6,63.3,53.1,58.6,45.9,64.4,0.069,100,8.33,rain,0,0,24.2,9.9,13.9,1020.6,64.1,9.5,96.6,8.5,4,,2025-05-31T05:16:05,2025-05-31T20:58:45,0.15,"Rain, Partially cloudy",Partly cloudy throughout the day with afternoon rain.,rain,"72793024233,KSEA,KBFI,72793524234,72793494248,F0821,KRNT"
seattle,2025-06-01,65.9,49.7,58.3,65.9,49.7,58.3,43.2,59.5,0,0,0,,0,0,19.7,10.1,329.3,1025.8,39,9.9,315.5,27.3,9,,2025-06-01T05:15:27,2025-06-01T20:59:41,0.19,Partially cloudy,Partly cloudy throughout the day.,partly-cloudy-day,"72793024233,KSEA,KBFI,72793524234,72793494248,F0821,KRNT"
seattle,2025-06-02,70.1,48.4,59.9,70.1,48.4,59.9,42.4,54.6,0,0,0,,0,0,19.7,9.1,334.7,1024.8,9.2,9.9,317.2,27.3,9,,2025-06-02T05:14:51,2025-06-02T21:00:34,0.25,Clear,Clear conditions throughout the day.,clear-day,"72793024233,KSEA,KBFI,72793524234,72793494248,F0821,KRNT"
seattle,2025-06-03,73.7,50.9,62.9,73.7,50.9,62.9,43.7,52,0,0,0,,0,0,12.3,7.1,333.2,1023,21.1,9.9,327.5,28.3,9,,2025-06-03T05:14:18,2025-06-03T21:01:26,0.25,Partially cloudy,Partly cloudy throughout the day.,partly-cloudy-day,"72793024233,KSEA,KBFI,72793524234,72793494248,F0821,KRNT"
seattle,2025-06-04,67.6,56.3,61.5,67.6,56.3,61.5,50.3,67.3,0,0,0,,0,0,16.1,9.3,213.4,1019.9,72.5,9.9,219.3,19.1,10,,2025-06-04T05:13:48,2025-06-04T21:02:16,0.29,Partially cloudy,Partly cloudy throughout the day.,partly-cloudy-day,"72793024233,KSEA,KBFI,72793524234,72793494248,F0821,KRNT"
seattle,2025-06-05,75.8,53.4,64.1,75.8,53.4,64.1,51.2,65.7,0,0,0,,0,0,24.2,10.7,323.1,1018.6,18.4,9.8,321.4,27.8,9,,2025-06-05T05:13:20,2025-06-05T21:03:04,0.32,Clear,Clear conditions throughout the day.,clear-day,"72793024233,KSEA,KBFI,72793524234,72793494248,F0821,KRNT"
seattle,2025-06-06,78.2,59.1,68.9,78.2,59.1,68.9,52.3,56.9,0,0,0,,0,0,16.1,9.2,322.6,1016.5,18.1,9.9,305.8,26.3,9,,2025-06-06T05:12:55,2025-06-06T21:03:50,0.35,Clear,Clear conditions throughout the day.,clear-day,"72793024233,KSEA,KBFI,72793524234,72793494248,F0821,C1943,KRNT"
seattle,2025-06-07,79.5,56.9,68.8,79.5,56.9,68.8,52.7,58.5,0,0,0,,0,0,23,14,324,1017.1,9.3,9.9,324.2,28,9,,2025-06-07T05:12:32,2025-06-07T21:04:34,0.38,Clear,Clear conditions throughout the day.,clear-day,"72793024233,KSEA,KBFI,72793524234,72793494248,F0821,KRNT"
seattle,2025-06-08,87.2,62.6,74.7,85.6,62.6,74.2,54.2,51.4,0,0,0,,0,0,20.3,10.6,324.7,1015.7,1.7,9.9,327.2,28.4,9,,2025-06-08T05:12:11,2025-06-08T21:05:16,0.42,Clear,Clear conditions throughout the day.,clear-day,"72793024233,KSEA,KBFI,72793524234,72793494248,F0821,KRNT"
seattle,2025-06-09,85.8,62.7,74,83.5,62.7,73.6,52.2,48.5,0,0,0,,0,0,17.2,9.2,324.2,1013.6,0,9.9,332.6,28.6,9,,2025-06-09T05:11:53,2025-06-09T21:05:56,0.45,Clear,Clear conditions throughout the day.,clear-day,"72793024233,KSEA,KBFI,72793524234,72793494248,F0821,KRNT"
seattle,2025-06-10,80.8,56,69.1,79.8,56,69,49.2,51.9,0,0,0,,0,0,12.1,7.1,289.4,1013.4,8.1,9.7,327.1,28.2,9,,2025-06-10T05:11:38,2025-06-10T21:06:33,0.48,Clear,Clear conditions throughout the day.,clear-day,"72793024233,KSEA,KBFI,72793524234,72793494248,F0821,KRNT"
seattle,2025-06-11,68.9,53.4,60.4,68.9,53.4,60.4,48.2,65.2,0,0,0,,0,0,21.9,11.5,209.3,1015.2,36.9,9.7,261.3,22.6,9,,2025-06-11T05:11:26,2025-06-11T21:07:09,0.5,Partially cloudy,Partly cloudy throughout the day.,partly-cloudy-day,"72793024233,KSEA,KBFI,72793524234,72793494248,F0821,KRNT"
seattle,2025-06-12,63.8,52.6,57.1,63.8,52.6,57.1,45.1,64.8,0,0,0,,0,0,19.9,9.8,201.7,1017.3,83.2,9.9,159.2,13.9,6,,2025-06-12T05:11:16,2025-06-12T21:07:42,0.55,Partially cloudy,Partly cloudy throughout the day.,partly-cloudy-day,"72793024233,KSEA,KBFI,72793524234,72793494248,F0821,KRNT"
seattle,2025-06-13,61.6,52,56.5,61.6,52,56.5,44.6,64.7,0,0,0,,0,0,15.4,8.9,206.7,1018.3,98.5,9.9,157.2,13.6,8,,2025-06-13T05:11:08,2025-06-13T21:08:13,0.59,Overcast,Cloudy skies throughout the day.,cloudy,"72793024233,KSEA,KBFI,72793524234,72793494248,F0821,KRNT"
seattle,2025-06-14,66.6,52,58.6,66.6,52,58.6,43.2,57.7,0,0,0,,0,0,18.7,7.8,199.6,1021,83.6,9.9,257.8,22.3,10,,2025-06-14T05:11:03,2025-06-14T21:08:42,0.62,Partially cloudy,Partly cloudy throughout the day.,partly-cloudy-day,"72793024233,KSEA,KBFI,72793524234,72793494248,F0821,KRNT"
seattle,2025-06-15,70.9,52.3,60.7,70.9,52.3,60.7,45.1,58.5,0,0,0,,0,0,19.7,9.5,334.6,1020.6,31.4,9.9,325.1,28.2,9,,2025-06-15T05:11:01,2025-06-15T21:09:08,0.66,Partially cloudy,Clearing in the afternoon.,partly-cloudy-day,"72793024233,KSEA,KBFI,72793524234,72793494248,F0821,KRNT"
seattle,2025-06-16,72.2,52.6,62.3,72.2,52.6,62.3,45.2,55.6,0,0,0,,0,0,14.3,7.8,265.2,1018.4,27,9.9,281.7,24.3,10,,2025-06-16T05:11:01,2025-06-16T21:09:33,0.69,Partially cloudy,Becoming cloudy in the afternoon.,partly-cloudy-day,"72793024233,KSEA,KBFI,72793524234,72793494248,F0821,KRNT"
seattle,2025-06-17,72.2,52.1,63.4,72.2,52.1,63.4,45.4,54.1,0,0,0,,0,0,23,10,200.5,1018.1,35.8,9.9,323.6,27.9,9,,2025-06-17T05:11:04,2025-06-17T21:09:54,0.73,Partially cloudy,Clearing in the afternoon.,partly-cloudy-day,"72793024233,KSEA,KBFI,72793524234,72793494248,F0821,KRNT"
seattle,2025-06-18,69.2,59.7,63.7,69.2,59.7,63.7,49.1,60.6,0,0,0,,0,0,25.3,16.7,198.6,1017.6,79.9,9.9,269.8,23.5,9,,2025-06-18T05:11:09,2025-06-18T21:10:13,0.75,Partially cloudy,Partly cloudy throughout the day.,partly-cloudy-day,"72793024233,KSEA,KBFI,72793524234,F0821"
seattle,2025-06-19,68,53.3,61.3,68,53.3,61.3,43.9,54.3,0,0,0,,0,0,17.2,10.3,322.3,1016.5,34.5,9.9,291.8,25,9,,2025-06-19T05:11:17,2025-06-19T21:10:30,0.8,Partially cloudy,Partly cloudy throughout the day.,partly-cloudy-day,"72793024233,KSEA,KBFI,72793524234,72793494248,F0821,KRNT"
seattle,2025-06-20,64,53.3,57.7,64,53.3,57.7,45.4,63.8,0,0,0,,0,0,20.8,12.6,205,1011.2,88.9,9.9,244.5,21.1,10,,2025-06-20T05:11:27,2025-06-20T21:10:44,0.84,Partially cloudy,Partly cloudy throughout the day.,partly-cloudy-day,"72793024233,KSEA,KBFI,72793524234,F0821,KRNT"
seattle,2025-06-21,59.9,51.6,55.4,59.9,51.6,55.4,50.5,83.6,0.165,100,20.83,rain,0,0,25.3,12.8,180.9,1014.6,98.5,8.4,94.9,8,5,,2025-06-21T05:11:40,2025-06-21T21:10:56,0.87,"Rain, Overcast",Cloudy skies throughout the day with morning rain.,rain,"72793024233,KSEA,KBFI,72793524234,72793494248,F0821,KRNT"
seattle,2025-06-22,68.1,55.1,60.7,68.1,55.1,60.7,51,71.8,0.007,0,4.17,rain,0,0,13.9,8,214.3,1020.7,93.2,9.8,164.3,14.5,10,,2025-06-22T05:11:55,2025-06-22T21:11:05,0.91,Overcast,Cloudy skies throughout the day.,cloudy,"72793024233,KSEA,KBFI,72793524234,72793494248,F0821,KRNT"
seattle,2025-06-23,75,53.8,64.6,75,53.8,64.6,50.3,61.7,0,0,0,,0,0,13.4,8,308.8,1018.5,30.9,9.9,305.9,26.3,9,,2025-06-23T05:12:13,2025-06-23T21:11:11,0.94,Partially cloudy,Partly cloudy throughout the day.,partly-cloudy-day,"72793024233,KSEA,KBFI,72793524234,72793494248,F0821,KRNT"
seattle,2025-06-24,78.3,55.8,66.2,78.3,55.8,66.2,52.2,63,0,0,0,,0,0,11.9,8.4,317,1014.8,32.6,9.9,282.6,24.5,9,,2025-06-24T05:12:33,2025-06-24T21:11:15,0.98,Partially cloudy,Partly cloudy throughout the day.,partly-cloudy-day,"72793024233,KSEA,KBFI,72793524234,72793494248,F0821,KRNT"
seattle,2025-06-25,71.8,55.6,62.8,71.8,55.6,62.8,50.4,65.3,0,0,0,,0,0,21.9,11,201.3,1017.1,78,9.9,118.7,10.2,5,,2025-06-25T05:12:56,2025-06-25T21:11:17,0,Partially cloudy,Partly cloudy throughout the day.,partly-cloudy-day,"72793024233,KSEA,KBFI,72793524234,72793494248,F0821,KRNT"
seattle,2025-06-26,66.6,56.5,60.8,66.6,56.5,60.8,52.2,73.6,0.04,100,8.33,rain,0,0,18.3,10.7,202.3,1016.8,93,9.7,152.8,13.2,9,,2025-06-26T05:13:20,2025-06-26T21:11:15,0.04,"Rain, Overcast",Cloudy skies throughout the day with late afternoon rain.,rain,"72793024233,KSEA,KBFI,72793524234,72793494248,F0821,KRNT"
seattle,2025-06-27,67,56.5,61.5,67,56.5,61.5,51.9,71.5,0,0,0,,0,0,20.5,9.5,191.6,1018.7,98.8,9.9,137.1,11.9,7,,2025-06-27T05:13:47,2025-06-27T21:11:11,0.08,Overcast,Cloudy skies throughout the day.,cloudy,"72793024233,KSEA,KBFI,72793524234,72793494248,F0821,KRNT"
seattle,2025-06-28,74.5,56.7,64,74.5,56.7,64,52.6,68.2,0,0,0,,0,0,14.8,9.2,321.1,1022.7,67.6,9.9,218.1,18.7,8,,2025-06-28T05:14:17,2025-06-28T21:11:05,0.11,Partially cloudy,Partly cloudy throughout the day.,partly-cloudy-day,"72793024233,KSEA,KBFI,72793524234,72793494248,F0821,KRNT"
seattle,2025-06-29,77.8,56.7,67.8,77.8,56.7,67.8,52,59.2,0,0,0,,0,0,22.1,11.3,338.6,1021.3,0.5,9.9,333.1,28.8,9,,2025-06-29T05:14:48,2025-06-29T21:10:56,0.14,Clear,Clear conditions throughout the day.,clear-day,"72793024233,KSEA,KBFI,72793524234,72793494248,F0821,KRNT"
seattle,2025-06-30,85.3,61.5,73.7,83.5,61.5,73.3,52.8,50,0,0,0,,0,0,26.4,12.2,335.8,1015.6,4.2,9.9,330.1,28.4,9,,2025-06-30T05:15:22,2025-06-30T21:10:44,0.17,Clear,Clear conditions throughout the day.,clear-day,"72793024233,KSEA,KBFI,72793524234,72793494248,F0821,KRNT"
seattle,2025-07-01,85.1,61.1,73.1,82.6,61.1,72.7,52.5,50.7,0,0,0,,0,0,18.3,12.8,336.4,1013.9,7.3,9.9,333.4,28.7,9,,2025-07-01T05:15:58,2025-07-01T21:10:30,0.21,Clear,Clear conditions throughout the day.,clear-day,"72793024233,KSEA,KBFI,72793524234,72793494248,F0821,KRNT"
seattle,2025-07-02,74.9,55.6,65.3,74.9,55.6,65.3,51.2,61.6,0,0,0,,0,0,20.8,9.9,223.2,1014.7,42.1,9.9,286.4,24.6,9,,2025-07-02T05:16:36,2025-07-02T21:10:13,0.25,Partially cloudy,Partly cloudy throughout the day.,partly-cloudy-day,"72793024233,KSEA,KBFI,72793524234,72793494248,F0821,KRNT"
seattle,2025-07-03,69.2,55.4,62.2,69.2,55.4,62.2,47.4,59.2,0,0,0,,0,0,16.6,9.2,306.1,1016.6,62.4,9.9,253.5,21.8,10,,2025-07-03T05:17:16,2025-07-03T21:09:53,0.27,Partially cloudy,Partly cloudy throughout the day.,partly-cloudy-day,"72793024233,KSEA,KBFI,72793524234,72793494248,F0821,KRNT"
seattle,2025-07-04,73.7,55.1,64.6,73.7,55.1,64.6,47.5,55.1,0,0,0,,0,0,15.7,7.4,300.3,1017.6,40.9,9.9,266.5,23.1,8,,2025-07-04T05:17:58,2025-07-04T21:09:31,0.3,Partially cloudy,Partly cloudy throughout the day.,partly-cloudy-day,"72793024233,KSEA,KBFI,72793524234,72793494248,F0821,KRNT"
seattle,2025-07-05,74.3,55.4,64.2,74.3,55.4,64.2,48.9,59.5,0,0,0,,0,0,19.5,15,297.7,1021.7,50.4,9.9,277.5,23.9,9,,2025-07-05T05:18:42,2025-07-05T21:09:06,0.34,Partially cloudy,Clearing in the afternoon.,partly-cloudy-day,"72793024233,KSEA,KBFI,72793524234,72793494248,F0821,KRNT"
seattle,2025-07-06,78.3,56.9,67.2,78.3,56.9,67.2,48.1,52.2,0,0,0,,0,0,19,13.1,340.3,1021.7,21.4,9.9,321.2,27.6,9,,2025-07-06T05:19:27,2025-07-06T21:08:39,0.37,Partially cloudy,Partly cloudy throughout the day.,partly-cloudy-day,"72793024233,KSEA,KBFI,72793524234,72793494248,F0821,KRNT"
seattle,2025-07-07,82.3,59.9,71.2,80.8,59.9,71,51.7,52.6,0,0,0,,0,0,21.9,12.2,331.9,1016.2,6.8,9.9,328.2,28.2,9,,2025-07-07T05:20:15,2025-07-07T21:08:09,0.4,Clear,Clear conditions throughout the day.,clear-day,"72793024233,KSEA,KBFI,72793524234,72793494248,F0821,KRNT"
seattle,2025-07-08,83.6,61.1,71.9,82.5,61.1,71.7,53,52.8,0,0,0,,0,0,20.8,8.4,278.7,1016.1,10.5,9.9,307.5,26.4,9,,2025-07-08T05:21:05,2025-07-08T21:07:36,0.43,Clear,Clear conditions throughout the day.,clear-day,"72793024233,KSEA,KBFI,72793524234,72793494248,F0821,KRNT"
seattle,2025-07-09,71.9,60.6,65.9,71.9,60.6,65.9,56.7,73,0,0,0,,0,0,24.2,13.6,197.9,1020.3,80.9,9.7,82.2,7.1,5,,2025-07-09T05:21:56,2025-07-09T21:07:01,0.47,Partially cloudy,Partly cloudy throughout the day.,partly-cloudy-day,"72793024233,KSEA,KBFI,72793524234,72793494248,F0821,KRNT"
seattle,2025-07-10,71.8,58.5,64.1,71.8,58.5,64.1,50.8,62.6,0,0,0,,0,0,16.1,9.4,251.5,1023.8,75.7,9.9,215.3,18.6,7,,2025-07-10T05:22:48,2025-07-10T21:06:24,0.5,Partially cloudy,Partly cloudy throughout the day.,partly-cloudy-day,"72793024233,KSEA,KBFI,72793524234,72793494248,F0821,KRNT"
seattle,2025-07-11,82.9,59,70.4,81.1,59,70.1,52.5,56.2,0,0,0,,0,0,16.3,9.5,330.3,1022.3,12.1,9.9,322.8,27.9,9,,2025-07-11T05:23:43,2025-07-11T21:05:44,0.53,Clear,Clear conditions throughout the day.,clear-day,"72793024233,KSEA,KBFI,72793524234,72793494248,F0821,KRNT"
seattle,2025-07-12,81.5,64.8,72.7,81,64.8,72.7,56.5,58.2,0,0,0,,0,0,20.8,10.9,340,1019.9,18,9.9,319.8,27.7,9,,2025-07-12T05:24:39,2025-07-12T21:05:01,0.57,Clear,Clear conditions throughout the day.,clear-day,"72793024233,KSEA,KBFI,72793524234,72793494248,F0821,KRNT"
seattle,2025-07-13,87.6,63,75,86.7,63,74.8,56.8,55.2,0,0,0,,0,0,20.6,13.9,338,1019.6,10,9.9,310,26.8,9,,2025-07-13T05:25:36,2025-07-13T21:04:17,0.61,Clear,Clear conditions throughout the day.,clear-day,"72793024233,KSEA,KBFI,72793524234,72793494248,F0821,KRNT"
seattle,2025-07-14,76.7,62.8,70.3,76.7,62.8,70.3,56.1,61.1,0,0,0,,0,0,29.8,10.2,330,1018,28.8,9.9,277.1,23.9,10,,2025-07-14T05:26:35,2025-07-14T21:03:29,0.64,Partially cloudy,Becoming cloudy in the afternoon.,partly-cloudy-day,"72793024233,KSEA,KBFI,72793524234,72793494248,F0821,KRNT"
seattle,2025-07-15,86.3,59.5,73.5,83.7,59.5,73,53.4,53.1,0,0,0,,0,0,21.9,12.1,321,1016.1,3.5,9.9,321.1,27.6,9,,2025-07-15T05:27:36,2025-07-15T21:02:40,0.68,Clear,Clear conditions throughout the day.,clear-day,"72793024233,KSEA,KBFI,72793524234,72793494248,F0821,KRNT"
seattle,2025-07-16,92.7,66.1,79.5,89.8,66.1,78.4,51.4,39.9,0,0,0,,0,0,18.9,9.6,256.6,1010.6,2.5,9.9,316.5,27.2,9,,2025-07-16T05:28:37,2025-07-16T21:01:48,0.71,Clear,Clear conditions throughout the day.,clear-day,"72793024233,KSEA,KBFI,72793524234,72793494248,F0821,KRNT"
seattle,2025-07-17,83.5,57.4,71.2,82.4,57.4,71,53.2,55.3,0,0,0,,0,0,13.9,9.2,234.4,1011.7,3,9.9,313.8,27.1,9,,2025-07-17T05:29:40,2025-07-17T21:00:54,0.75,Clear,Clear conditions throughout the day.,clear-day,"72793024233,KSEA,KBFI,72793524234,72793494248,F0821,C1943,KRNT"
seattle,2025-07-18,70.6,58.5,65.5,70.6,58.5,65.5,53.9,66.8,0,0,0,,0,0,23.3,10.5,215,1014.6,36.6,9.9,182.4,15.7,6,,2025-07-18T05:30:44,2025-07-18T20:59:57,0.78,Partially cloudy,Partly cloudy throughout the day.,partly-cloudy-day,"72793024233,KSEA,KBFI,72793524234,72793494248,F0821,KRNT"
seattle,2025-07-19,69.7,56.5,61.8,69.7,56.5,61.8,49.9,66,0,0,0,,0,0,17.2,11.2,237,1018.6,63.9,9.9,196.5,16.8,8,,2025-07-19T05:31:50,2025-07-19T20:58:59,0.82,Partially cloudy,Partly cloudy throughout the day.,partly-cloudy-day,"72793024233,KSEA,KBFI,72793524234,72793494248,F0821,KRNT"
seattle,2025-07-20,66.2,53.5,60.9,66.2,53.5,60.9,49.6,67.3,0,0,0,,0,0,12.3,6.7,210.5,1016.2,47,9.9,216.1,18.8,6,,2025-07-20T05:32:56,2025-07-20T20:57:58,0.86,Partially cloudy,Partly cloudy throughout the day.,partly-cloudy-day,"72793024233,KSEA,KBFI,72793524234,72793494248,F0821,KRNT"
seattle,2025-07-21,77.9,57.4,66,77.9,57.4,66,52.9,64.6,0,0,0,,0,0,17.2,8.9,253.4,1013.4,47.8,9.9,285.5,24.7,9,,2025-07-21T05:34:04,2025-07-21T20:56:55,0.89,Partially cloudy,Clearing in the afternoon.,partly-cloudy-day,"72793024233,KSEA,KBFI,72793524234,72793494248,F0821,KRNT"
seattle,2025-07-22,77.9,58.5,66.1,77.9,58.5,66.1,53.7,66.3,0,0,0,,0,0,16.6,10.7,216.9,1015.1,48.5,9.9,258.5,22.5,9,,2025-07-22T05:35:12,2025-07-22T20:55:50,0.93,Partially cloudy,Clearing in the afternoon.,partly-cloudy-day,"72793024233,KSEA,KBFI,72793524234,72793494248,F0821,KRNT"
seattle,2025-07-23,82.7,57.6,70,82.1,57.6,69.9,55.5,62.6,0,0,0,,0,0,12.8,8,280.2,1015.6,4.2,9.9,302.4,26.2,9,,2025-07-23T05:36:21,2025-07-23T20:54:42,0.96,Clear,Clear conditions throughout the day.,clear-day,"72793024233,KSEA,KBFI,72793524234,72793494248,F0821,KRNT"
seattle,2025-07-24,76.3,57.2,65.8,76.3,57.2,65.8,54.7,69,0,0,0,,0,0,17.7,10.4,218.5,1017.1,21.7,9.7,273,23.7,9,,2025-07-24T05:37:32,2025-07-24T20:53:33,0,Partially cloudy,Clearing in the afternoon.,partly-cloudy-day,"72793024233,KSEA,KBFI,72793524234,72793494248,F0821,KRNT"
seattle,2025-07-25,70.4,56.2,61.6,70.4,56.2,61.6,52.9,74.4,0.002,0,0,rain,0,0,18.3,8.9,219.1,1016.4,65.9,8.9,163.9,14.2,7,,2025-07-25T05:38:43,2025-07-25T20:52:22,0.03,Partially cloudy,Partly cloudy throughout the day.,partly-cloudy-day,"72793024233,KSEA,KBFI,72793524234,72793494248,F0821,KRNT"
seattle,2025-07-26,71,56.1,62.4,71,56.1,62.4,50.6,66.7,0,0,0,,0,0,18.3,8.5,256.9,1015.1,56.8,9.9,200,17.4,9,,2025-07-26T05:39:55,2025-07-26T20:51:09,0.06,Partially cloudy,Partly cloudy throughout the day.,partly-cloudy-day,"72793024233,KSEA,KBFI,72793524234,72793494248,F0821,KRNT"
seattle,2025-07-27,76.9,56.6,65.4,76.9,56.6,65.4,49.7,58.7,0,0,0,,0,0,14.3,6.3,251.7,1016.6,38.5,9.7,252.9,21.9,9,,2025-07-27T05:41:08,2025-07-27T20:49:54,0.1,Partially cloudy,Clearing in the afternoon.,partly-cloudy-day,"72793024233,KSEA,KBFI,72793524234,72793494248,F0821,KRNT"
seattle,2025-07-28,80.7,56.9,67.7,79.8,56.9,67.6,50.2,55.8,0,0,0,,0,0,14.5,7.6,317.1,1019.8,5.6,9.9,299.2,26,9,,2025-07-28T05:42:21,2025-07-28T20:48:37,0.13,Clear,Clear conditions throughout the day.,clear-day,"72793024233,KSEA,KBFI,72793524234,72793494248,F0821,KRNT"
seattle,2025-07-29,83.5,60.2,70.8,81.3,60.2,70.5,49.3,48.8,0,0,0,,0,0,23,9.9,332.8,1020.4,4,9.9,302,26.3,9,,2025-07-29T05:43:35,2025-07-29T20:47:18,0.16,Clear,Clear conditions throughout the day.,clear-day,"72793024233,KSEA,KBFI,72793524234,72793494248,F0821,KRNT"
seattle,2025-07-30,82.5,61.6,72.3,81.1,61.6,72.1,52.2,51.1,0,0,0,,0,0,13.9,9.4,332.7,1017.8,13.8,9.9,288.5,24.9,9,,2025-07-30T05:44:50,2025-07-30T20:45:57,0.19,Clear,Clear conditions throughout the day.,clear-day,"72793024233,KSEA,KBFI,72793524234,72793494248,F0821,KRNT"
seattle,2025-07-31,79.3,63,72,79.3,63,72,55.8,57.6,0,0,0,,0,0,13.2,6.5,309.3,1017.2,19.8,9.9,258.4,22.2,10,,2025-07-31T05:46:05,2025-07-31T20:44:35,0.23,Clear,Clear conditions throughout the day.,clear-day,"72793024233,KSEA,KBFI,72793524234,72793494248,F0821,KRNT"
seattle,2025-08-01,76.9,58.5,68,76.9,58.5,68,55.4,65.6,0,0,0,,0,0,15,7.2,252.8,1020.8,36.9,9.9,267,22.9,9,,2025-08-01T05:47:21,2025-08-01T20:43:10,0.25,Partially cloudy,Partly cloudy throughout the day.,partly-cloudy-day,"72793024233,KSEA,KBFI,72793524234,72793494248,F0821,KRNT"
seattle,2025-08-02,72,59.8,65,72,59.8,65,56.2,73.8,0,0,0,,0,0,15,7.9,240.3,1023.5,50.7,9.7,159.2,13.7,6,,2025-08-02T05:48:38,2025-08-02T20:41:45,0.29,Partially cloudy,Partly cloudy throughout the day.,partly-cloudy-day,"72793024233,KSEA,KBFI,72793524234,72793494248,F0821,KRNT"
seattle,2025-08-03,70.6,58.3,64.1,70.6,58.3,64.1,53.1,68.6,0,0,0,,0,0,13.9,6.7,221.5,1021,83.9,9.9,182.4,15.6,8,,2025-08-03T05:49:54,2025-08-03T20:40:17,0.32,Partially cloudy,Partly cloudy throughout the day.,partly-cloudy-day,"72793024233,KSEA,KBFI,72793524234,72793494248,F0821,KRNT"
seattle,2025-08-04,72,59.7,64.8,72,59.7,64.8,53.4,67.3,0,0,0,,0,0,17.2,8.5,202.2,1018.3,89.8,9.7,203.9,17.7,8,,2025-08-04T05:51:12,2025-08-04T20:38:48,0.35,Partially cloudy,Partly cloudy throughout the day.,partly-cloudy-day,"72793024233,KSEA,KBFI,72793524234,72793494248,F0821,KRNT"
seattle,2025-08-05,77.8,59.1,67.6,77.8,59.1,67.6,53,61.3,0,0,0,,0,0,19.7,10,188.3,1017.9,44.7,9.9,262.6,22.6,9,,2025-08-05T05:52:29,2025-08-05T20:37:17,0.39,Partially cloudy,Becoming cloudy in the afternoon.,partly-cloudy-day,"72793024233,KSEA,KBFI,72793524234,72793494248,F0821,KRNT"
seattle,2025-08-06,72.9,62.1,66.3,72.9,62.1,66.3,59,78.2,0.044,100,12.5,rain,0,0,28.9,14,181.3,1018.7,92.8,8.9,165.6,14.2,8,,2025-08-06T05:53:47,2025-08-06T20:35:45,0.42,"Rain, Overcast",Cloudy skies throughout the day with morning rain.,rain,"72793024233,KSEA,KBFI,72793524234,72793494248,F0821,KRNT"
seattle,2025-08-07,69.5,57.6,63.1,69.5,57.6,63.1,51.3,67.2,0.01,100,4.17,rain,0,0,18.3,9.1,305.7,1022.5,74.5,9.7,201.7,17.4,9,,2025-08-07T05:55:06,2025-08-07T20:34:12,0.45,"Rain, Partially cloudy",Partly cloudy throughout the day with morning rain.,rain,"72793024233,KSEA,KBFI,72793524234,72793494248,F0821,KRNT"
seattle,2025-08-08,76.8,55.7,65.8,76.8,55.7,65.8,50.5,60.2,0,0,0,,0,0,14.3,8.9,337,1022.5,17.5,9.9,255.7,22.1,8,,2025-08-08T05:56:24,2025-08-08T20:32:36,0.48,Clear,Clear conditions throughout the day.,clear-day,"72793024233,KSEA,KBFI,72793524234,72793494248,F0821,KRNT"
seattle,2025-08-09,79.9,60.1,69.5,79.9,60.1,69.5,52.6,56.2,0,0,0,,0,0,18.6,10.3,333.6,1021.4,16.5,9.9,267.7,23.1,9,,2025-08-09T05:57:43,2025-08-09T20:31:00,0.5,Clear,Clear conditions throughout the day.,clear-day,"72793024233,KSEA,KBFI,72793524234,72793494248,F0821,KRNT"
seattle,2025-08-10,87.3,63.2,75.5,86.4,63.2,75.1,56.2,53.3,0,0,0,,0,0,21.9,10.4,338.6,1020.5,1.9,9.9,280.3,24.1,8,,2025-08-10T05:59:02,2025-08-10T20:29:22,0.55,Clear,Clear conditions throughout the day.,clear-day,"72793024233,KSEA,KBFI,72793524234,72793494248,F0821,KRNT"
seattle,2025-08-11,86.9,68,77.4,86,68,77.3,58,52.5,0,0,0,,0,0,24.1,12.6,339.5,1016.3,2.4,9.9,266.6,23,8,,2025-08-11T06:00:21,2025-08-11T20:27:43,0.59,Clear,Clear conditions throughout the day.,clear-day,"72793024233,KSEA,KBFI,72793524234,72793494248,F0821,KRNT"
seattle,2025-08-12,90.7,67.4,79.4,88.8,67.4,79,57.7,49.4,0,0,0,,0,0,19.7,10.2,329.1,1012.4,6.2,9.9,276.3,24,8,,2025-08-12T06:01:41,2025-08-12T20:26:03,0.62,Clear,Clear conditions throughout the day.,clear-day,"72793024233,KSEA,KBFI,72793524234,72793494248,F0821,KRNT"
seattle,2025-08-13,79.3,64,70.4,79.3,64,70.4,57.4,64,0,0,0,,0,0,23.7,10.6,210.5,1012.5,58,9.9,197.2,16.9,8,,2025-08-13T06:03:01,2025-08-13T20:24:21,0.66,Partially cloudy,Partly cloudy throughout the day.,partly-cloudy-day,"72793024233,KSEA,KBFI,72793524234,72793494248,F0821,KRNT"
seattle,2025-08-14,74.9,61,66.7,74.9,61,66.7,53.9,65.3,0.031,100,8.33,rain,0,0,20.8,11.2,198.2,1015.5,79.4,9.5,173.3,15.2,8,,2025-08-14T06:04:20,2025-08-14T20:22:38,0.7,"Rain, Partially cloudy",Partly cloudy throughout the day with late afternoon rain.,rain,"72793024233,KSEA,KBFI,72793524234,72793494248,F0821,KRNT"
seattle,2025-08-15,69.8,62.6,65.7,69.8,62.6,65.7,63.3,91.9,0.446,100,58.33,rain,0,0,25.3,14.2,165.2,1011.1,100,5.7,59.1,5,3,,2025-08-15T06:05:40,2025-08-15T20:20:54,0.75,"Rain, Overcast",Cloudy skies throughout the day with a chance of rain throughout the day.,rain,"72793024233,KSEA,KBFI,72793524234,72793494248,F0821,KRNT"
seattle,2025-08-16,74.4,61.2,67.2,74.4,61.2,67.2,57.7,73,0.094,100,4.17,rain,0,0,24.8,13.6,192.4,1014.4,78.1,9.7,246.4,21.5,9,,2025-08-16T06:07:00,2025-08-16T20:19:09,0.77,"Rain, Partially cloudy",Partly cloudy throughout the day with early morning rain.,rain,"72793024233,KSEA,KBFI,72793524234,72793494248,F0821,KRNT"
seattle,2025-08-17,74.1,62.6,67.6,74.1,62.6,67.6,54.2,63.8,0,0,0,,0,0,15.9,7.7,234,1016.3,89,9.9,209.2,18,8,,2025-08-17T06:08:21,2025-08-17T20:17:23,0.8,Partially cloudy,Partly cloudy throughout the day.,partly-cloudy-day,"72793024233,KSEA,KBFI,72793524234,72793494248,F0821,KRNT"
seattle,2025-08-18,74.6,60.7,67.8,74.6,60.7,67.8,51.5,57.7,0,0,0,,0,0,17.2,9.4,200.2,1016.4,59.7,9.9,199.2,17.1,7,,2025-08-18T06:09:41,2025-08-18T20:15:35,0.84,Partially cloudy,Partly cloudy throughout the day.,partly-cloudy-day,"72793024233,KSEA,KBFI,72793524234,72793494248,F0821,KRNT"
seattle,2025-08-19,75.4,59.9,67.6,75.4,59.9,67.6,53,60.6,0,0,0,,0,0,18.3,8.8,191.2,1020.6,43.6,9.9,191.5,16.5,10,,2025-08-19T06:11:01,2025-08-19T20:13:47,0.88,Partially cloudy,Partly cloudy throughout the day.,partly-cloudy-day,"72793024233,KSEA,KBFI,72793524234,72793494248,F0821,KRNT"
seattle,2025-08-20,74.6,62.1,67.5,74.6,62.1,67.5,48.6,52.5,0,0,0,,0,0,14.8,9.1,345.8,1024.2,48.9,9.9,265.6,23,8,,2025-08-20T06:12:21,2025-08-20T20:11:58,0.91,Partially cloudy,Clearing in the afternoon.,partly-cloudy-day,"72793024233,KSEA,KBFI,72793524234,72793494248,F0821,KRNT"
seattle,2025-08-21,76.1,56.2,66.7,76.1,56.2,66.7,50.1,56,0,0,0,,0,0,20.8,12,340,1022.6,3.1,9.9,274.2,23.7,8,,2025-08-21T06:13:42,2025-08-21T20:10:07,0.95,Clear,Clear conditions throughout the day.,clear-day,"72793024233,KSEA,KBFI,72793524234,72793494248,F0821,KRNT"
seattle,2025-08-22,85.9,60.3,72.7,84,60.3,72.4,53.1,52.3,0,0,0,,0,0,19,10.4,336.1,1016.5,0,9.9,269.9,23.3,8,,2025-08-22T06:15:02,2025-08-22T20:08:16,0,Clear,Clear conditions throughout the day.,clear-day,"72793024233,KSEA,KBFI,72793524234,72793494248,F0821,KRNT"
seattle,2025-08-23,88.3,62.5,75.6,85.6,62.5,75,53.1,47.9,0,0,0,,0,0,17.9,9.3,331,1013.7,13.2,9.9,234,20.2,8,,2025-08-23T06:16:22,2025-08-23T20:06:24,0.02,Clear,Clear conditions throughout the day.,clear-day,"72793024233,KSEA,KBFI,72793524234,72793494248,F0821,KRNT"
seattle,2025-08-24,89.4,64.3,76.2,87,64.3,75.5,53.8,48.1,0,0,0,,0,0,12.1,8.4,337.1,1013.1,12,9.9,251.4,21.6,8,,2025-08-24T06:17:43,2025-08-24T20:04:31,0.05,Clear,Clear conditions throughout the day.,clear-day,"72793024233,KSEA,KBFI,72793524234,72793494248,F0821,KRNT"
seattle,2025-08-25,89.4,64.6,75.8,87,64.6,75.2,55,51.3,0,0,0,,0,0,17.2,9.7,317.3,1013.4,16.8,9.9,252.3,21.8,8,,2025-08-25T06:19:03,2025-08-25T20:02:38,0.08,Clear,Clear conditions throughout the day.,clear-day,"72793024233,KSEA,KBFI,72793524234,72793494248,F0821,KRNT"
seattle,2025-08-26,86.2,64,74.5,84.2,64,74.2,56,54.9,0,0,0,,0,0,14.8,9.5,321.6,1012.9,18.1,9.9,248.3,21.2,8,,2025-08-26T06:20:24,2025-08-26T20:00:43,0.11,Clear,Clear conditions throughout the day.,clear-day,"72793024233,KSEA,KBFI,72793524234,F0821,KRNT"
seattle,2025-08-27,77.6,64.8,69.9,77.6,64.8,69.9,57.4,65.3,0,0,0,,0,0,19,8.3,208.4,1014.8,29.2,9.9,130.4,11.4,8,,2025-08-27T06:21:44,2025-08-27T19:58:48,0.15,Partially cloudy,Partly cloudy throughout the day.,partly-cloudy-day,"72793024233,KSEA,KBFI,72793524234,F0821,KRNT"
seattle,2025-08-28,80.4,63,71.3,81.5,63,71.4,59.5,67.4,0,0,0,,0,0,12.1,8,314.8,1016.8,34.6,9.9,228.5,19.6,7,,2025-08-28T06:23:05,2025-08-28T19:56:52,0.18,Partially cloudy,Partly cloudy throughout the day.,partly-cloudy-day,"KSEA,KBFI,F0821,KRNT"
seattle,2025-08-29,73.8,63,67.7,73.8,63,67.7,59.4,75,0,0,0,,0,0,11.4,6.9,245.7,1017.9,44.9,9.9,129.8,11.3,5,,2025-08-29T06:24:25,2025-08-29T19:54:55,0.21,Partially cloudy,Partly cloudy throughout the day.,partly-cloudy-day,"KSEA,KBFI,F0821,KRNT"
seattle,2025-08-30,69.5,59.1,64,69.5,59.1,64,57.6,80.1,0,0,0,,0,0,18.3,9.6,313.2,1019.2,63.3,9.3,97.6,8.2,3,,2025-08-30T06:25:45,2025-08-30T19:52:58,0.25,Partially cloudy,Partly cloudy throughout the day.,partly-cloudy-day,"KSEA,KBFI,F0821,KRNT"
seattle,2025-08-31,75.3,58.4,66.1,75.3,58.4,66.1,57,73.8,0,0,0,,0,0,12.1,6.4,331.5,1017,34.1,9.8,186.3,16,8,,2025-08-31T06:27:06,2025-08-31T19:51:00,0.28,Partially cloudy,Partly cloudy throughout the day.,partly-cloudy-day,"KSEA,KBFI,F0821,KRNT"
seattle,2025-09-01,72,60.2,64.9,72,60.2,64.9,57.2,76.7,0,0,0,,0,0,12.5,6.8,248.3,1017.9,69.1,9.8,139.3,12,6,,2025-09-01T06:28:26,2025-09-01T19:49:02,0.31,Partially cloudy,Partly cloudy throughout the day.,partly-cloudy-day,"KSEA,KBFI,F0821,KRNT"
seattle,2025-09-02,77.4,61,67.2,77.4,61,67.2,58.5,75.2,0,0,0,,0,0,17.2,7.7,333.3,1017.7,44.6,9.3,193.3,16.9,7,,2025-09-02T06:29:46,2025-09-02T19:47:03,0.34,Partially cloudy,Partly cloudy throughout the day.,partly-cloudy-day,"KSEA,KBFI,F0821,KRNT"
seattle,2025-09-03,81.7,61.5,70.8,82.4,61.5,70.9,59.7,69.7,0,0,0,,0,0,17.2,9.6,328,1016.6,12,9.5,226.9,19.6,7,,2025-09-03T06:31:07,2025-09-03T19:45:04,0.37,Clear,Clear conditions throughout the day.,clear-day,"KSEA,KBFI,F0821,KRNT"
seattle,2025-09-04,76,60.7,68,76,60.7,68,59.1,74.3,0,0,0,,0,0,14.1,8.3,329.3,1013.1,32.1,9.4,140.8,12.1,5,,2025-09-04T06:32:27,2025-09-04T19:43:04,0.4,Partially cloudy,Partly cloudy throughout the day.,partly-cloudy-day,"KSEA,KBFI,F0821,KRNT"
seattle,2025-09-05,77.9,59.8,67.9,77.9,59.8,67.9,59.4,75.3,0,0,0,,0,0,11.4,6.5,311.6,1010.4,22.8,9.3,194,16.8,7,,2025-09-05T06:33:47,2025-09-05T19:41:03,0.44,Partially cloudy,Clearing in the afternoon.,partly-cloudy-day,"KSEA,KBFI,F0821,KRNT"
seattle,2025-09-06,73.2,60,65.1,73.2,60,65.1,58.7,80.4,0.005,0,0,rain,0,0,14.8,8.1,237.8,1013.1,62.2,8.8,95.7,8.1,7,,2025-09-06T06:35:08,2025-09-06T19:39:02,0.47,Partially cloudy,Partly cloudy throughout the day.,partly-cloudy-day,"KSEA,KBFI,F0821,KRNT"
seattle,2025-09-07,71.5,60.5,65.2,71.5,60.5,65.2,57.1,76,0.014,0,4.17,rain,0,0,18.8,8.4,180.3,1018.1,93.5,9.9,153.6,13.2,8,,2025-09-07T06:36:28,2025-09-07T19:37:01,0.5,Overcast,Cloudy skies throughout the day.,cloudy,"KSEA,KBFI,F0821,KRNT"
seattle,2025-09-08,73.9,59.6,66.5,73.9,59.6,66.5,55.4,68.6,0,0,0,,0,0,12.1,6.6,323.2,1016.2,60.7,9.9,161.8,14.1,7,,2025-09-08T06:37:48,2025-09-08T19:35:00,0.54,Partially cloudy,Partly cloudy throughout the day.,partly-cloudy-day,"KSEA,KBFI,F0821,KRNT"
seattle,2025-09-09,70.8,59,64.4,70.8,59,64.4,55.9,74.1,0,0,0,,0,0,11.9,6,346.5,1013.9,36,9.9,133.4,11.6,8,,2025-09-09T06:39:09,2025-09-09T19:32:58,0.57,Partially cloudy,Partly cloudy throughout the day.,partly-cloudy-day,"KSEA,KBFI,F0821,KRNT"
seattle,2025-09-10,75.3,57.5,65.4,75.3,57.5,65.4,55.6,72.2,0,0,0,,0,0,16.1,8.1,322.6,1013.5,15,9.9,215.8,18.7,7,,2025-09-10T06:40:29,2025-09-10T19:30:56,0.61,Clear,Clear conditions throughout the day.,clear-day,"KSEA,KBFI,F0821,KRNT"
seattle,2025-09-11,68.5,57,61.5,68.5,57,61.5,56,82.6,0,0,0,,0,0,11.9,8.3,204.1,1016.4,66.1,8.5,108.3,9.3,5,,2025-09-11T06:41:49,2025-09-11T19:28:53,0.64,Partially cloudy,Partly cloudy throughout the day.,partly-cloudy-day,"KSEA,KBFI,F0821,KRNT"
seattle,2025-09-12,71.4,60,64.3,71.4,60,64.3,54.8,72.2,0,0,0,,0,0,11.9,5.7,212,1017.7,80.7,9.9,154.1,13.3,6,,2025-09-12T06:43:10,2025-09-12T19:26:51,0.68,Partially cloudy,Partly cloudy throughout the day.,partly-cloudy-day,"KSEA,KBFI,F0821,KRNT"
seattle,2025-09-13,76,58.9,66.8,76,58.9,66.8,55.2,68.2,0,0,0,,0,0,18.3,8.5,183.4,1012.2,31.6,9.9,216.4,18.7,7,,2025-09-13T06:44:30,2025-09-13T19:24:48,0.71,Partially cloudy,Clearing in the afternoon.,partly-cloudy-day,"KSEA,KBFI,F0821,KRNT"
seattle,2025-09-14,67.3,61,63.6,67.3,61,63.6,52.6,67.9,0,0,0,,0,0,27.6,15.3,181.6,1013.1,81.3,9.9,37.9,3.1,2,,2025-09-14T06:45:51,2025-09-14T19:22:45,0.75,Partially cloudy,Partly cloudy throughout the day.,partly-cloudy-day,"KSEA,KBFI,F0821,KRNT"
seattle,2025-09-15,69.7,53.9,61.7,69.7,53.9,61.7,49.8,65.8,0,0,0,,0,0,20.6,11.3,330.3,1021.3,34.8,9.9,179.3,15.5,7,,2025-09-15T06:47:11,2025-09-15T19:20:42,0.79,Partially cloudy,Clearing in the afternoon.,partly-cloudy-day,"KSEA,KBFI,F0821,KRNT"
seattle,2025-09-16,90.9,57.5,72.5,87.5,57.5,71.7,51.1,53.4,0,0,0,,0,0,20.8,11.5,64.8,1015.8,0,9.9,213.2,18.4,7,,2025-09-16T06:48:32,2025-09-16T19:18:38,0.82,Clear,Clear conditions throughout the day.,clear-day,"KSEA,KBFI,F0821,KRNT"
seattle,2025-09-17,77.2,61.1,69.1,77.2,61.1,69.1,52.2,55.9,0,0,0,,0,0,23,9.8,1.5,1018.1,2.5,9.9,207.1,17.7,7,,2025-09-17T06:49:53,2025-09-17T19:16:35,0.86,Clear,Clear conditions throughout the day.,clear-day,"KSEA,KBFI,F0821,KRNT"
seattle,2025-09-18,71.2,56.9,63.4,71.2,56.9,63.4,51.6,66.7,0,0,0,,0,0,21.9,9.9,330.4,1018.2,9.8,9.9,210.6,17.9,7,,2025-09-18T06:51:14,2025-09-18T19:14:31,0.89,Clear,Clear conditions throughout the day.,clear-day,"KSEA,KBFI,F0821,KRNT"
seattle,2025-09-19,74.1,53.2,62.9,74.1,53.2,62.9,51.4,67.9,0,0,0,,0,0,16.3,10.5,323.4,1015.1,5,9.9,204.3,17.7,7,,2025-09-19T06:52:35,2025-09-19T19:12:28,0.93,Clear,Clear conditions throughout the day.,clear-day,"KSEA,KBFI,F0821,KRNT"
seattle,2025-09-20,74.9,52.9,62.8,74.9,52.9,62.8,51.9,69.6,0,0,0,,0,0,19.7,10.3,183,1014.1,13.5,9.9,195.1,16.8,7,,2025-09-20T06:53:56,2025-09-20T19:10:24,0.96,Clear,Clear conditions throughout the day.,clear-day,"KSEA,KBFI,F0821,KRNT"
seattle,2025-09-21,68,57.7,61.9,68,57.7,61.9,53.1,74.3,0.335,100,16.67,rain,0,0,21.9,11.1,133.2,1015.2,88,8.1,102.5,8.7,6,,2025-09-21T06:55:17,2025-09-21T19:08:21,0,"Rain, Partially cloudy",Partly cloudy throughout the day with rain clearing later.,rain,"KSEA,KBFI,F0821,KRNT"
seattle,2025-09-22,70.7,52,61.2,70.7,52,61.2,50.2,69.1,0,0,0,,0,0,12.3,7.6,327.9,1021.3,11.7,9.9,197.7,17,7,,2025-09-22T06:56:38,2025-09-22T19:06:18,0.03,Clear,Clear conditions throughout the day.,clear-day,"KSEA,KBFI,F0821,KRNT"
seattle,2025-09-23,73.5,53.6,63.2,73.5,53.6,63.2,50.8,65.5,0,0,0,,0,0,18.3,10.1,331.5,1018.4,2.1,9.5,185.7,15.9,6,,2025-09-23T06:58:00,2025-09-23T19:04:14,0.06,Clear,Clear conditions throughout the day.,clear-day,"KSEA,KBFI,F0821,KRNT"
seattle,2025-09-24,72,54.8,63.3,72,54.8,63.3,51.5,66.7,0,0,0,,0,0,16.1,10,327.3,1018.5,1.4,9.8,187,16.2,6,,2025-09-24T06:59:21,2025-09-24T19:02:11,0.1,Clear,Clear conditions throughout the day.,clear-day,"KSEA,KBFI,F0821,KRNT"
seattle,2025-09-25,64.5,53.5,58.8,64.5,53.5,58.8,49.1,71.1,0,0,0,,0,0,16.1,8.3,352,1020.5,46.9,9.8,155.2,13.3,6,,2025-09-25T07:00:43,2025-09-25T19:00:08,0.13,Partially cloudy,Partly cloudy throughout the day.,partly-cloudy-day,"KSEA,KBFI,F0821,KRNT"
seattle,2025-09-26,69.9,51.4,60.5,69.9,51.4,60.5,48,65.1,0,0,0,,0,0,16.8,8.5,166,1021.1,50.3,9.9,129,11.1,6,,2025-09-26T07:02:05,2025-09-26T18:58:05,0.16,Partially cloudy,Partly cloudy throughout the day.,partly-cloudy-day,"KSEA,KBFI,F0821,KRNT"
seattle,2025-09-27,73.9,57.8,64.2,73.9,57.8,64.2,49.8,60.7,0,0,0,,0,0,11.4,8.2,344.6,1011.4,38.9,9.9,134.3,11.6,6,,2025-09-27T07:03:27,2025-09-27T18:56:02,0.19,Partially cloudy,Partly cloudy throughout the day.,partly-cloudy-day,"KSEA,KBFI,F0821,KRNT"
seattle,2025-09-28,71,54,62.3,71,54,62.3,52.9,72.9,0,0,0,,0,0,23,12.6,189.1,1008.5,38.1,9.5,159.9,13.8,6,,2025-09-28T07:04:49,2025-09-28T18:54:00,0.23,Partially cloudy,Partly cloudy throughout the day.,partly-cloudy-day,"KSEA,KBFI,F0821,KRNT"
seattle,2025-09-29,64.5,58.6,61.8,64.5,58.6,61.8,56.2,82.1,0.118,100,29.17,rain,0,0,17,7,154.4,1008.6,91.3,9.2,45.3,4,2,,2025-09-29T07:06:12,2025-09-29T18:51:58,0.25,"Rain, Overcast",Cloudy skies throughout the day with rain.,rain,"KSEA,KBFI,F0821,KRNT"
seattle,2025-09-30,70.5,52.1,59.8,70.5,52.1,59.8,51.1,76.6,0.067,100,8.33,rain,0,0,26.3,14.4,164.1,1007.2,81.3,8.7,150.2,12.9,9,,2025-09-30T07:07:35,2025-09-30T18:49:56,0.29,"Rain, Partially cloudy",Partly cloudy throughout the day with late afternoon rain.,rain,"KSEA,KBFI,F0821,KRNT"
seattle,2025-10-01,68.2,55.5,59.6,68.2,55.5,59.6,52.5,78.3,0.272,100,33.33,rain,0,0,27.6,15.6,162,1010.6,81.8,9.6,115,10.2,5,,2025-10-01T07:08:58,2025-10-01T18:47:55,0.32,"Rain, Partially cloudy",Partly cloudy throughout the day with rain.,rain,"KSEA,KBFI,F0821,KRNT"
seattle,2025-10-02,69.3,53.7,61,69.3,53.7,61,48.1,64.3,0,0,0,,0,0,18.3,7.7,167.9,1016.6,72.7,9.9,169.3,14.6,6,,2025-10-02T07:10:21,2025-10-02T18:45:53,0.36,Partially cloudy,Partly cloudy throughout the day.,partly-cloudy-day,"KSEA,KBFI,F0821,KRNT"
seattle,2025-10-03,64.7,51.2,57.4,64.7,51.2,57.4,51,80.3,0,0,0,,0,0,11.4,5.7,314.4,1020.6,65.1,8.6,100.4,8.6,6,,2025-10-03T07:11:44,2025-10-03T18:43:53,0.39,Partially cloudy,Partly cloudy throughout the day.,partly-cloudy-day,"KSEA,KBFI,F0821,KRNT"
seattle,2025-10-04,64.3,56.2,59.3,64.3,56.2,59.3,51.5,75.7,0,0,0,,0,0,15.9,7.8,337.6,1020.2,85.4,9.9,127.6,11,7,,2025-10-04T07:13:08,2025-10-04T18:41:52,0.42,Partially cloudy,Partly cloudy throughout the day.,partly-cloudy-day,"KSEA,KBFI,F0821,KRNT"
seattle,2025-10-05,63.3,52.9,57.4,63.3,52.9,57.4,46.3,67.7,0,0,0,,0,0,18.8,9.2,351.4,1021.9,43.7,9.9,166.8,14.5,6,,2025-10-05T07:14:32,2025-10-05T18:39:52,0.46,Partially cloudy,Partly cloudy throughout the day.,partly-cloudy-day,"KSEA,KBFI,F0821,KRNT"
seattle,2025-10-06,68.8,46.2,56.9,68.8,46.2,56.9,45.1,66.9,0,0,0,,0,0,16.3,8.5,337.3,1021.2,9.8,9.9,160.4,13.9,6,,2025-10-06T07:15:56,2025-10-06T18:37:53,0.5,Clear,Clear conditions throughout the day.,clear-day,"KSEA,KBFI,F0821,KRNT"
seattle,2025-10-07,76.2,47.6,59.4,76.2,47.6,59.3,46.6,66.6,0,0,0,,0,0,11.4,8.1,315.9,1013.4,5.6,9.7,162.5,14,6,,2025-10-07T07:17:20,2025-10-07T18:35:54,0.52,Clear,Clear conditions throughout the day.,clear-day,"KSEA,KBFI,F0821,KRNT"
seattle,2025-10-08,62,51.7,56.4,62,51.7,56.4,43.8,64.1,0,0,0,,0,0,19.5,9.7,191.9,1010.2,56.9,9.9,137.5,11.8,6,,2025-10-08T07:18:45,2025-10-08T18:33:56,0.56,Partially cloudy,Partly cloudy throughout the day.,partly-cloudy-day,"KSEA,KBFI,F0821,KRNT"
seattle,2025-10-09,62.9,52.5,56.2,62.9,52.5,56.2,48.6,76.8,0.025,100,8.33,rain,0,0,17.2,6.9,334.5,1014,60.9,9.8,94.3,8.1,6,,2025-10-09T07:20:10,2025-10-09T18:31:58,0.59,"Rain, Partially cloudy",Clearing in the afternoon with early morning rain.,rain,"KSEA,KBFI,F0821,KRNT"
seattle,2025-10-10,62.2,52.4,56.2,62.2,52.4,56.2,49.4,78.5,0.012,100,4.17,rain,0,0,23,9.1,146.8,1011.3,76.3,9.2,64,5.6,5,,2025-10-10T07:21:36,2025-10-10T18:30:01,0.63,"Rain, Partially cloudy",Partly cloudy throughout the day with morning rain.,rain,"KSEA,KBFI,F0821,KRNT"
seattle,2025-10-11,59.6,51.4,54.4,59.6,51.4,54.4,48.6,81,0.005,0,0,rain,0,0,24.2,11.8,185.1,1011.4,90.7,9.5,52,4.6,2,,2025-10-11T07:23:01,2025-10-11T18:28:05,0.66,Overcast,Cloudy skies throughout the day.,cloudy,"KSEA,KBFI,F0821,KRNT"
seattle,2025-10-12,56.7,46,51.6,56.7,46,51.6,44.2,76.3,0.071,100,20.83,rain,0,0,26.4,14.4,172.6,1009.8,90.7,9.6,92,7.8,7,,2025-10-12T07:24:27,2025-10-12T18:26:09,0.7,"Rain, Overcast",Cloudy skies throughout the day with late afternoon rain.,rain,"KSEA,KBFI,F0821,KRNT"
seattle,2025-10-13,58.1,44.4,50.6,58.1,41,49.6,37.8,64.7,0,0,0,,0,0,31.1,16.9,2.8,1012.7,25.5,9.8,153.1,13,6,,2025-10-13T07:25:53,2025-10-13T18:24:14,0.75,Partially cloudy,Partly cloudy throughout the day.,partly-cloudy-day,"KSEA,KBFI,F0821,KRNT"
seattle,2025-10-14,59,42.6,50.8,59,41.5,49.9,38.2,63.5,0,0,0,,0,0,19.9,11.8,343.9,1017.7,0.5,9.9,153.1,13.1,6,,2025-10-14T07:27:20,2025-10-14T18:22:20,0.77,Clear,Clear conditions throughout the day.,clear-day,"KSEA,KBFI,F0821,KRNT"
seattle,2025-10-15,60.4,37.3,48.7,60.4,37.3,48.6,37.1,66.6,0,0,0,,0,0,11.2,5.5,341,1019.4,6.8,9.9,128.6,10.9,6,,2025-10-15T07:28:47,2025-10-15T18:20:27,0.8,Clear,Clear conditions throughout the day.,clear-day,"KSEA,KBFI,F0821,KRNT"
seattle,2025-10-16,58,39.6,50,58,34.7,48.6,41.3,73,0,0,0,,0,0,17,8.9,166,1022.1,41.6,9.9,91.1,7.7,5,,2025-10-16T07:30:14,2025-10-16T18:18:34,0.84,Partially cloudy,Becoming cloudy in the afternoon.,partly-cloudy-day,"KSEA,KBFI,F0821,KRNT"
seattle,2025-10-17,59.6,52.1,54.9,59.6,52.1,54.9,46.4,74.1,0.071,100,12.5,rain,0,0,21,10,146.3,1020.2,80.7,9.1,87.9,7.4,6,,2025-10-17T07:31:41,2025-10-17T18:16:43,0.87,"Rain, Partially cloudy",Partly cloudy throughout the day with morning rain.,rain,"KSEA,KBFI,F0821,KRNT"
seattle,2025-10-18,55.7,46.8,50.6,55.7,44,49.8,44.8,80.9,0.109,100,16.67,rain,0,0,22.4,8.9,144.5,1017.5,77.4,9,27,2.3,2,,2025-10-18T07:33:09,2025-10-18T18:14:52,0.91,"Rain, Partially cloudy",Partly cloudy throughout the day with rain.,rain,"KSEA,KBFI,F0821,KRNT"
seattle,2025-10-19,60.9,50.8,54.6,60.9,50.8,54.6,47.4,77.2,0.229,100,25,rain,0,0,30.9,17.4,186.1,1011.9,85.1,9.5,77.2,6.7,6,,2025-10-19T07:34:37,2025-10-19T18:13:02,0.94,"Rain, Partially cloudy",Partly cloudy throughout the day with rain clearing later.,rain,"KSEA,KBFI,F0821,KRNT"
seattle,2025-10-20,59,50.1,53.9,59,50.1,53.9,46.8,77.7,0.006,0,0,rain,0,0,19.5,8.6,167.3,1026.8,85.6,9.3,70.3,5.9,5,,2025-10-20T07:36:06,2025-10-20T18:11:14,0.97,Partially cloudy,Partly cloudy throughout the day.,partly-cloudy-day,"KSEA,KBFI,F0821,KRNT"
seattle,2025-10-21,60.4,43.9,51.3,60.4,42.7,50.8,44.8,79.6,0,0,0,,0,0,11.4,6.9,346.3,1021.6,15.4,9.9,122.9,10.8,5,,2025-10-21T07:37:34,2025-10-21T18:09:26,0,Clear,Clear conditions throughout the day.,clear-day,"KSEA,KBFI,F0821,KRNT"
seattle,2025-10-22,62.2,45.2,52.5,62.2,41,51.7,46.5,81.6,0,0,0,,0,0,23.6,12.1,175,1015.6,63,7.4,79.1,6.8,4,,2025-10-22T07:39:03,2025-10-22T18:07:39,0.04,Partially cloudy,Partly cloudy throughout the day.,partly-cloudy-day,"KSEA,KBFI,F0821,KRNT"
seattle,2025-10-23,61.3,52.7,56.4,61.3,52.7,56.4,49.7,78.4,0,0,0,,0,0,16.1,8.6,149,1018.6,68.2,9.9,50.6,4.3,3,,2025-10-23T07:40:32,2025-10-23T18:05:54,0.08,Partially cloudy,Partly cloudy throughout the day.,partly-cloudy-day,"KSEA,KBFI,F0821,KRNT"
seattle,2025-10-24,57.4,48,52.5,57.4,43.1,51.6,49.1,88.2,0.562,100,41.67,rain,0,0,33.8,14.7,161.3,1007.8,79.1,7.9,12.8,1,1,,2025-10-24T07:42:02,2025-10-24T18:04:10,0.11,"Rain, Partially cloudy",Partly cloudy throughout the day with rain.,rain,"KSEA,KBFI,F0821,KRNT"
seattle,2025-10-25,56.6,44,49,56.6,40.5,47.2,43.6,82.1,0.306,100,25,rain,0,0,44.4,27.1,159.9,1001.4,86.2,9.4,24.5,2,2,,2025-10-25T07:43:32,2025-10-25T18:02:27,0.14,"Rain, Partially cloudy",Partly cloudy throughout the day with rain.,rain,"KSEA,KBFI,F0821,KRNT"
seattle,2025-10-26,50.4,44.8,46.9,50.4,40.1,43.9,42.4,84.6,0.418,100,45.83,rain,0,0,32.6,19.3,168.8,1011.3,90,8.7,22.9,1.9,2,,2025-10-26T07:45:02,2025-10-26T18:00:45,0.18,"Rain, Partially cloudy",Partly cloudy throughout the day with a chance of rain throughout the day.,rain,"KSEA,KBFI,F0821,KRNT"
seattle,2025-10-27,54.8,43.7,47.8,54.8,41.1,46.4,41.8,80.2,0.002,0,0,rain,0,0,17.4,7.5,109.3,1025.2,65.1,9.9,91.4,7.9,5,,2025-10-27T07:46:32,2025-10-27T17:59:04,0.21,Partially cloudy,Partly cloudy throughout the day.,partly-cloudy-day,"KSEA,KBFI,F0821,KRNT"
seattle,2025-10-28,57.3,39.6,48.2,57.3,37.3,48.1,42,80.5,0.116,100,16.67,rain,0,0,35.3,11.4,172.2,1021.8,77.1,9.4,46.9,4,3,,2025-10-28T07:48:02,2025-10-28T17:57:25,0.24,"Rain, Partially cloudy",Partly cloudy throughout the day with late afternoon rain.,rain,"KSEA,KBFI,F0821,KRNT"
seattle,2025-10-29,58.3,48.3,53.7,58.3,48.3,53.7,46.2,76.6,0.038,100,8.33,rain,0,0,30,12.4,180,1028.4,48.5,9.6,119.8,10.4,5,,2025-10-29T07:49:33,2025-10-29T17:55:47,0.25,"Rain, Partially cloudy",Partly cloudy throughout the day with early morning rain.,rain,"KSEA,KBFI,F0821,KRNT"
seattle,2025-10-30,51.4,42.2,46.6,51.4,40.9,45,42.7,86.6,0,0,0,,0,0,15.9,8.8,345.6,1023.8,24.6,9.7,43.5,3.7,2,,2025-10-30T07:51:04,2025-10-30T17:54:11,0.31,Partially cloudy,Partly cloudy throughout the day.,partly-cloudy-day,"KSEA,KBFI,F0821,KRNT"
seattle,2025-10-31,54.1,41.5,48.2,54.1,38.8,46.7,44.5,87.5,0.404,100,33.33,rain,0,0,24.4,8.2,152.4,1016.4,64.1,7.8,32.5,2.8,3,,2025-10-31T07:52:35,2025-10-31T17:52:36,0.34,"Rain, Partially cloudy",Partly cloudy throughout the day with rain.,rain,"KSEA,KBFI,F0821,KRNT"
seattle,2025-11-01,61.2,51.7,55.7,61.2,51.7,55.7,50.6,83.9,0.603,100,41.67,rain,0,0,47,14.2,180,1011.9,84.2,7.3,14.6,1.4,1,,2025-11-01T07:54:06,2025-11-01T17:51:02,0.37,"Rain, Partially cloudy",Partly cloudy throughout the day with rain clearing later.,rain,"KSEA,KBFI,F0821,KRNT"
seattle,2025-11-02,56.6,47,50.6,56.6,43.8,49.7,42.3,74.2,0,0,0,,0,0,23.5,11.3,167.2,1026.8,55.7,9.9,101.4,9.1,5,,2025-11-02T06:55:37,2025-11-02T16:49:30,0.41,Partially cloudy,Partly cloudy throughout the day.,partly-cloudy-day,"KSEA,KBFI,F0821,KRNT"
seattle,2025-11-03,49.3,45.9,47,49.3,41.3,45.3,41.1,80.1,0.022,0,8.33,rain,0,0,14.5,11.1,2.7,1014.8,76.8,9.6,23.2,2.1,1,,2025-11-03T06:57:08,2025-11-03T16:48:00,0.44,Partially cloudy,Partly cloudy throughout the day.,partly-cloudy-day,"KSEA,KBFI,F0821,KRNT"
seattle,2025-11-04,57.8,43,50.4,57.8,43,50.2,42.3,75.6,0,0,0,,0,0,25.5,14.3,70,1012.5,76.5,9.8,50.1,4.4,3,,2025-11-04T06:58:39,2025-11-04T16:46:31,0.48,Partially cloudy,Partly cloudy throughout the day.,partly-cloudy-day,"KSEA,KBFI,F0821,KRNT"
seattle,2025-11-05,60.2,52.5,55.1,60.2,52.5,55.1,48.1,78,0.535,100,50,rain,0,0,36,14.3,148.6,1002.3,96,8.5,14.5,1.3,1,,2025-11-05T07:00:11,2025-11-05T16:45:04,0.5,"Rain, Overcast",Cloudy skies throughout the day with a chance of rain throughout the day.,rain,"KSEA,KBFI,F0821,KRNT"
seattle,2025-11-06,55.7,51,53,55.7,51,53,48.7,85.5,0.522,100,70.83,rain,0,0,42.5,19,161.4,1010.9,93.5,7.7,18.5,1.6,1,,2025-11-06T07:01:42,2025-11-06T16:43:39,0.54,"Rain, Overcast",Cloudy skies throughout the day with a chance of rain throughout the day.,rain,"KSEA,KBFI,F0821,KRNT"
seattle,2025-11-07,55,46.9,50.4,55,42.7,48.3,43,76.1,0,0,0,,0,0,29.3,14.6,173.8,1021.2,63.4,9.9,81.6,7.1,4,,2025-11-07T07:03:13,2025-11-07T16:42:15,0.58,Partially cloudy,Partly cloudy throughout the day.,partly-cloudy-day,"KSEA,KBFI,F0821,KRNT"
seattle,2025-11-08,55.9,38.2,47.9,55.9,38.2,47.8,41.1,78.4,0,0,0,,0,0,16.1,5.9,346.6,1022.1,28.4,9.6,80.4,6.9,4,,2025-11-08T07:04:44,2025-11-08T16:40:53,0.61,Partially cloudy,Partly cloudy throughout the day.,partly-cloudy-day,"KSEA,KBFI,F0821,KRNT"
seattle,2025-11-09,64.3,42.4,53,64.3,39.9,52.7,43.6,72.3,0,0,0,,0,0,15.9,9.9,153.3,1020.9,25.3,9.5,87.6,7.4,4,,2025-11-09T07:06:15,2025-11-09T16:39:34,0.65,Partially cloudy,Partly cloudy throughout the day.,partly-cloudy-day,"KSEA,KBFI,F0821,KRNT"
seattle,2025-11-10,60.7,50.5,55.9,60.7,50.5,55.9,49.5,79.3,0.005,0,0,rain,0,0,21.9,10.7,169.1,1023.3,89.9,9.8,44.5,3.9,3,,2025-11-10T07:07:46,2025-11-10T16:38:16,0.68,Partially cloudy,Partly cloudy throughout the day.,partly-cloudy-day,"KSEA,KBFI,F0821,KRNT"
seattle,2025-11-11,54.7,43.5,49.4,54.7,43.5,49.2,42.3,77.3,0,0,0,,0,0,12.3,7.5,352.5,1021,41.3,9.8,82.7,7.1,4,,2025-11-11T07:09:17,2025-11-11T16:37:00,0.75,Partially cloudy,Partly cloudy throughout the day.,partly-cloudy-day,"KSEA,KBFI,F0821,KRNT"
seattle,2025-11-12,55.7,45.9,51,55.7,45.9,51,46.2,83.8,0.051,100,16.67,rain,0,0,13,6.9,152.4,1010.7,85.1,9.4,45.3,4,3,,2025-11-12T07:10:47,2025-11-12T16:35:46,0.75,"Rain, Partially cloudy",Partly cloudy throughout the day with rain.,rain,"KSEA,KBFI,F0821,KRNT"
seattle,2025-11-13,57.5,52.3,55,57.5,52.3,55,52.6,91.6,0.281,100,41.67,rain,0,0,26.4,12.1,162,1004.4,100,7.7,12.8,1.1,1,,2025-11-13T07:12:17,2025-11-13T16:34:34,0.78,"Rain, Overcast",Cloudy skies throughout the day with a chance of rain throughout the day.,rain,"KSEA,KBFI,F0821,KRNT"
seattle,2025-11-14,54.8,47.8,50.6,54.8,44.8,49.7,48.9,93.9,0.813,100,62.5,rain,0,0,26.2,9.3,170.4,1009.7,99.6,5.1,11.9,0.9,1,,2025-11-14T07:13:47,2025-11-14T16:33:24,0.81,"Rain, Overcast",Cloudy skies throughout the day with a chance of rain throughout the day.,rain,"KSEA,KBFI,F0821,KRNT"
seattle,2025-11-15,57.5,53,55.3,57.5,53,55.3,52.7,91.2,0.011,0,0,rain,0,0,27.7,15.6,175.7,1012.8,98.5,8,18.4,1.4,1,,2025-11-15T07:15:16,2025-11-15T16:32:16,0.85,Overcast,Cloudy skies throughout the day.,cloudy,"KSEA,KBFI,F0821,KRNT"
seattle,2025-11-16,55.7,51.4,53.4,55.7,51.4,53.4,52.4,96.2,0.002,0,0,rain,0,0,13.4,8.6,138.7,1001.9,97.2,5.3,24.9,2.2,1,,2025-11-16T07:16:45,2025-11-16T16:31:11,0.88,Overcast,Cloudy skies throughout the day.,cloudy,"KSEA,KBFI,F0821,KRNT"
seattle,2025-11-17,53.7,44.2,48,53.7,40.7,47,45.4,90.9,0.144,100,29.17,rain,0,0,18.3,6.7,52.1,1010.8,98.7,6.6,17,1.4,1,,2025-11-17T07:18:13,2025-11-17T16:30:07,0.92,"Rain, Overcast",Cloudy skies throughout the day with a chance of rain throughout the day.,rain,"KSEA,KBFI,F0821,KRNT"
seattle,2025-11-18,49,40,45,49,40,43.7,40.7,85.3,0,0,0,,0,0,17.2,6.7,115.7,1020.3,82,9.8,33.4,2.9,2,,2025-11-18T07:19:41,2025-11-18T16:29:06,0.95,Partially cloudy,Partly cloudy throughout the day.,partly-cloudy-day,"KSEA,KBFI,F0821,KRNT"
seattle,2025-11-19,53.2,39.6,46.2,53.2,39,45.7,37.4,73.6,0,0,0,,0,0,18.1,9.3,74,1014.8,61,9.2,71.3,6.2,4,,2025-11-19T07:21:08,2025-11-19T16:28:07,0,Partially cloudy,Partly cloudy throughout the day.,partly-cloudy-day,"KSEA,KBFI,F0821,KRNT"
seattle,2025-11-20,54.8,42.7,48.6,54.8,42.7,47.8,41.9,78.6,0.014,0,0,rain,0,0,14.1,6.7,157.6,1017.6,62.2,9.8,69.2,6.1,4,,2025-11-20T07:22:34,2025-11-20T16:27:11,0.02,Partially cloudy,Partly cloudy throughout the day.,partly-cloudy-day,"KSEA,KBFI,F0821,KRNT"
seattle,2025-11-21,53.9,40.2,47.6,53.9,35.1,45.6,40.9,78.1,0,0,0,,0,0,23,10.9,141.6,1023.6,75.8,9.8,33.8,2.9,2,,2025-11-21T07:24:00,2025-11-21T16:26:17,0.05,Partially cloudy,Partly cloudy throughout the day.,partly-cloudy-day,"KSEA,KBFI,F0821,KRNT"
seattle,2025-11-22,54.6,49.7,52.5,54.6,46.3,52.3,45.3,76.5,0,0,0,,0,0,24.2,11.6,162.7,1019.6,95.5,9.9,15.9,1.5,1,,2025-11-22T07:25:24,2025-11-22T16:25:26,0.09,Overcast,Cloudy skies throughout the day.,cloudy,"KSEA,KBFI,F0821,KRNT"
seattle,2025-11-23,54,44.5,49.2,54,44.5,48.9,45.4,86.9,0.197,100,33.33,rain,0,0,22.1,11.9,151.1,1018.2,97.3,8,25.9,2.2,1,,2025-11-23T07:26:48,2025-11-23T16:24:36,0.12,"Rain, Overcast",Cloudy skies throughout the day with rain clearing later.,rain,"KSEA,KBFI,F0821,KRNT"
seattle,2025-11-24,47.6,40,44.2,46.4,35.6,41.3,39.7,84.3,0.042,100,16.67,rain,0,0,22.5,11,140.5,1026.7,88.2,9.7,20,1.7,1,,2025-11-24T07:28:11,2025-11-24T16:23:50,0.15,"Rain, Partially cloudy",Partly cloudy throughout the day with rain.,rain,"KSEA,KBFI,F0821,KRNT"
seattle,2025-11-25,45.3,40,43,44.7,36.7,41.8,39.7,88.1,0.061,100,20.83,rain,0,0,12.3,6.9,99.3,1023.9,88.8,7.8,10,0.9,1,,2025-11-25T07:29:33,2025-11-25T16:23:06,0.19,"Rain, Partially cloudy",Partly cloudy throughout the day with rain.,rain,"KSEA,KBFI,F0821,KRNT"
seattle,2025-11-26,49.6,44,47.1,49.6,39.2,45.8,45.2,92.9,0.017,0,4.17,rain,0,0,11.6,8.4,58.6,1023.2,99.9,7.4,13.2,1.3,1,,2025-11-26T07:30:53,2025-11-26T16:22:25,0.22,Overcast,Cloudy skies throughout the day.,cloudy,"KSEA,KBFI,F0821,KRNT"
seattle,2025-11-27,51.5,46.9,48.5,51.5,44.6,48.1,45.6,89.7,0.252,100,37.5,rain,0,0,19.2,6.5,3.8,1016.2,99.3,8.7,21.3,1.7,1,,2025-11-27T07:32:13,2025-11-27T16:21:46,0.25,"Rain, Overcast",Cloudy skies throughout the day with rain.,rain,"KSEA,KBFI,F0821,KRNT"
seattle,2025-11-28,51.5,42.7,47.7,51.5,42.7,46.3,42.6,82.9,0,0,0,,0,0,23,8.4,1.9,1022.4,57,9.7,61.8,5.3,3,,2025-11-28T07:33:31,2025-11-28T16:21:10,0.29,Partially cloudy,Partly cloudy throughout the day.,partly-cloudy-day,"KSEA,KBFI,F0821,KRNT"
seattle,2025-11-29,46.5,36.9,41.7,46.5,36.9,41.3,37.6,85.5,0,0,0,,0,0,13,5.4,2.9,1021.7,33.6,9.8,27.4,2.4,1,,2025-11-29T07:34:48,2025-11-29T16:20:36,0.33,Partially cloudy,Partly cloudy throughout the day.,partly-cloudy-day,"KSEA,KBFI,F0821,KRNT"
seattle,2025-11-30,46.7,29.7,36.9,44.8,26.1,36.3,32.5,84.9,0,0,0,,0,0,10.1,6.1,11.4,1026,20.4,8.4,62,5.4,3,,2025-11-30T07:36:04,2025-11-30T16:20:05,0.36,Partially cloudy,Clearing in the afternoon.,partly-cloudy-day,"KSEA,KBFI,F0821,KRNT"
seattle,2025-12-01,46.7,34.2,40.7,46.5,30,39.9,35.9,83.5,0.009,0,4.17,rain,0,0,14.8,5.2,99.2,1024.9,81.8,9.4,36.7,3.3,3,,2025-12-01T07:37:18,2025-12-01T16:19:38,0.39,Partially cloudy,Partly cloudy throughout the day.,partly-cloudy-day,"KSEA,KBFI,F0821,KRNT"
seattle,2025-12-02,48.3,43.1,45.3,48.3,39.2,44.1,40.8,84.3,0.007,0,4.17,rain,0,0,13.4,7.3,19.8,1024.5,97.1,9.6,32.5,2.7,2,,2025-12-02T07:38:30,2025-12-02T16:19:12,0.43,Overcast,Cloudy skies throughout the day.,cloudy,"KSEA,KBFI,F0821,KRNT"
seattle,2025-12-03,47.4,43.5,45.2,47.4,40.4,44.6,39.4,80.3,0,0,0,,0,0,8.7,5.4,115.3,1027.9,98.8,9.7,22,1.9,1,,2025-12-03T07:39:41,2025-12-03T16:18:50,0.46,Overcast,Cloudy skies throughout the day.,cloudy,"KSEA,KBFI,F0821,KRNT"
seattle,2025-12-04,46.7,42.2,44.7,46.7,38.1,42,42.8,92.9,0.225,100,41.67,rain,0,0,15.2,9.3,140.8,1024.3,96.5,6.3,4.9,0.5,0,,2025-12-04T07:40:50,2025-12-04T16:18:30,0.5,"Rain, Overcast",Cloudy skies throughout the day with rain.,rain,"KSEA,KBFI,F0821,KRNT"
seattle,2025-12-05,56.6,46.2,50.5,56.6,42.9,49.6,47.4,89.4,0.03,100,8.33,rain,0,0,42,20.8,190.6,1011.8,90.9,6.1,14,1.2,1,,2025-12-05T07:41:58,2025-12-05T16:18:14,0.53,"Rain, Overcast",Cloudy skies throughout the day with early morning rain.,rain,"KSEA,KBFI,F0821,KRNT"
seattle,2025-12-06,53,49.6,51,53,43.7,50.2,44.7,78.9,0,0,0,,0,0,36.8,19.9,192.4,1015.4,82.8,9.9,46.2,3.7,3,,2025-12-06T07:43:04,2025-12-06T16:18:00,0.56,Partially cloudy,Partly cloudy throughout the day.,partly-cloudy-day,"KSEA,KBFI,F0821,KRNT"
seattle,2025-12-07,55.7,47.9,50.7,55.7,44.6,49.1,47.4,88.5,0.238,100,29.17,rain,0,0,35.1,17,174.8,1016.6,93.1,8,14.2,1.3,1,,2025-12-07T07:44:07,2025-12-07T16:17:49,0.59,"Rain, Overcast",Cloudy skies throughout the day with morning rain.,rain,"KSEA,KBFI,F0821,KRNT"
seattle,2025-12-08,57.5,48.2,52.8,57.5,43.4,51.6,50.1,90.5,0.692,100,54.17,rain,0,0,36.6,20.2,177.7,1015,98,7.3,6.9,0.6,0,,2025-12-08T07:45:09,2025-12-08T16:17:41,0.63,"Rain, Overcast",Cloudy skies throughout the day with rain.,rain,"KSEA,KBFI,F0821,KRNT"
seattle,2025-12-09,52.3,47.8,49.2,52.3,43.3,47,44.4,84,0.275,100,20.83,rain,0,0,25.3,15.3,147.4,1018.1,87.6,9,35.2,3.3,4,,2025-12-09T07:46:09,2025-12-09T16:17:36,0.66,"Rain, Partially cloudy",Partly cloudy throughout the day with rain.,rain,"KSEA,KBFI,F0821,KRNT"
seattle,2025-12-10,57.7,53.7,56.7,57.7,53.7,56.7,54.7,92.9,0.678,100,83.33,rain,0,0,32,17.4,185.7,1012.6,100,3.7,16.6,1.4,1,,2025-12-10T07:47:07,2025-12-10T16:17:34,0.69,"Rain, Overcast",Cloudy skies throughout the day with a chance of rain throughout the day.,rain,"KSEA,KBFI,F0821,KRNT"
seattle,2025-12-11,56.6,47,49.7,56.6,41.9,49.1,45.4,85.2,0.357,100,25,rain,0,0,28.4,14.4,44.2,1021.9,99.7,8.2,16.4,1.4,1,,2025-12-11T07:48:02,2025-12-11T16:17:34,0.75,"Rain, Overcast",Cloudy skies throughout the day with rain clearing later.,rain,"KSEA,KBFI,F0821,KRNT"
seattle,2025-12-12,55.2,46.7,50.6,55.2,46.1,50.4,49.1,94.7,0.008,0,0,rain,0,0,18.3,7.1,125.9,1021,88.5,5.5,12.7,1,0,,2025-12-12T07:48:56,2025-12-12T16:17:38,0.76,Partially cloudy,Partly cloudy throughout the day.,partly-cloudy-day,"KSEA,KBFI,F0821,KRNT"
seattle,2025-12-13,53.5,45,48.7,53.5,42.8,47.9,46.8,93.4,0,0,0,,0,0,15.9,6.8,139.7,1015.5,58.3,8.2,50.5,4.2,4,,2025-12-13T07:49:47,2025-12-13T16:17:45,0.79,Partially cloudy,Partly cloudy throughout the day.,partly-cloudy-day,"KSEA,KBFI,F0821,KRNT"
seattle,2025-12-14,54.5,46.5,50.7,54.5,42.9,49.6,46.8,86.6,0.017,0,8.33,rain,0,0,18.1,9.8,146.5,1015.1,84.8,9.5,18.7,1.6,1,,2025-12-14T07:50:36,2025-12-14T16:17:54,0.83,Partially cloudy,Partly cloudy throughout the day.,partly-cloudy-day,"KSEA,KBFI,F0821,KRNT"
seattle,2025-12-15,58.9,49.3,53.4,58.9,45.2,53.1,49.6,87.2,0.819,100,62.5,rain,0,0,49.9,16.8,188,1012.1,90.1,7,15.5,1.3,1,,2025-12-15T07:51:22,2025-12-15T16:18:06,0.86,"Rain, Overcast",Cloudy skies throughout the day with rain clearing later.,rain,"KSEA,KBFI,F0821,KRNT"
seattle,2025-12-16,56.9,46.7,51.7,56.9,43.3,50.5,48.5,89,0.838,100,62.5,rain,0,0,43.4,16.6,167,1009.8,98.1,8,9.1,0.9,1,,2025-12-16T07:52:06,2025-12-16T16:18:22,0.89,"Rain, Overcast",Cloudy skies throughout the day with a chance of rain throughout the day.,rain,"KSEA,KBFI,F0821,KRNT"
seattle,2025-12-17,54,42.9,46.4,54,37.2,41.5,39.3,76.5,0.243,100,29.17,rain,0,0,33.7,17,193.7,1011.4,70.1,9.4,39.5,3.4,3,,2025-12-17T07:52:47,2025-12-17T16:18:40,0.93,"Rain, Partially cloudy",Partly cloudy throughout the day with rain.,rain,"KSEA,KBFI,F0821,KRNT"
seattle,2025-12-18,51.7,42.9,45.9,51.7,38.8,42.3,41.7,85.4,0.229,100,50,rain,0,0,36.9,15.9,177.7,1002.7,89.1,8.5,7.9,0.7,0,,2025-12-18T07:53:26,2025-12-18T16:19:01,0.96,"Rain, Partially cloudy",Partly cloudy throughout the day with rain clearing later.,rain,"KSEA,KBFI,F0821,KRNT"
seattle,2025-12-19,44.7,38.6,41.6,40.6,33.6,35.9,36,80.6,0.101,100,12.5,rain,0,0,30,15.6,179.8,1007.4,74.9,9.8,22.2,1.9,2,,2025-12-19T07:54:03,2025-12-19T16:19:25,0,"Rain, Partially cloudy",Partly cloudy throughout the day with rain.,rain,"KSEA,KBFI,F0821,KRNT"
seattle,2025-12-20,46.2,41.8,43.9,41.4,35.1,38.2,39.6,84.7,0.296,100,58.33,rain,0,0,25.3,14.1,175.3,1012.9,98.3,8.7,16.2,1.4,1,,2025-12-20T07:54:36,2025-12-20T16:19:51,0.03,"Rain, Overcast",Cloudy skies throughout the day with rain.,rain,"KSEA,KBFI,F0821,KRNT"
seattle,2025-12-21,48.9,41.8,44.9,46.2,37.9,41.2,40.4,84.3,0.226,100,29.17,rain,0,0,22.4,10,165.7,1005.3,92.3,9.2,24.5,2,2,,2025-12-21T07:55:07,2025-12-21T16:20:21,0.06,"Rain, Overcast",Cloudy skies throughout the day with rain.,rain,"KSEA,KBFI,F0821,KRNT"
seattle,2025-12-22,52.2,38.6,44.4,52.2,33.6,40.5,37.4,77.8,0.208,100,16.67,rain,0,0,29.8,20.5,161.8,1009,72.7,9.6,40.5,3.4,3,,2025-12-22T07:55:36,2025-12-22T16:20:53,0.1,"Rain, Partially cloudy",Partly cloudy throughout the day with rain.,rain,"KSEA,KBFI,F0821,KRNT"
seattle,2025-12-23,44.7,35.2,40.8,44.7,33.9,39.3,36.8,85.7,0.008,0,4.17,rain,0,0,22.8,6.7,60.7,1009.7,54.3,9.8,32.3,2.7,2,,2025-12-23T07:56:01,2025-12-23T16:21:28,0.13,Partially cloudy,Partly cloudy throughout the day.,partly-cloudy-day,"KSEA,KBFI,F0821,KRNT"
seattle,2025-12-24,47.4,36.9,42.4,41.9,35.7,38.3,38.7,86.9,0.059,100,16.67,rain,0,0,27.1,15.2,314.5,999.8,69.8,9.4,13.8,1.2,1,,2025-12-24T07:56:24,2025-12-24T16:22:06,0.17,"Rain, Partially cloudy",Partly cloudy throughout the day with rain.,rain,"KSEA,KBFI,F0821,KRNT"
seattle,2025-12-25,42.5,36.8,40.7,42,32.6,37,38.8,92.6,0.232,100,20.83,rain,0,0,15.4,9.4,18.7,1003.1,74,9.1,8.8,0.7,0,,2025-12-25T07:56:44,2025-12-25T16:22:46,0.2,"Rain, Partially cloudy",Partly cloudy throughout the day with rain.,rain,"KSEA,KBFI,F0821,KRNT"
seattle,2025-12-26,45.5,35.6,40.4,39.9,28.5,35.3,36.4,86.1,0.027,100,8.33,rain,0,0,29.3,16,188.6,1004.7,77.1,9,13.6,1.1,1,,2025-12-26T07:57:01,2025-12-26T16:23:29,0.24,"Rain, Partially cloudy",Partly cloudy throughout the day with late afternoon rain.,rain,"KSEA,KBFI,F0821,KRNT"
seattle,2025-12-27,42.3,36.1,38.4,42,33.2,37.4,32.7,80.4,0.005,0,4.17,rain,0,0,17.2,6.8,358.4,1024.7,85.7,9.8,39.5,3.4,4,,2025-12-27T07:57:16,2025-12-27T16:24:14,0.25,Partially cloudy,Partly cloudy throughout the day.,partly-cloudy-day,"KSEA,KBFI,F0821,KRNT"
seattle,2025-12-28,42,31.4,36.9,41.5,27.3,36.4,32,83.1,0,0,0,,0,0,9.2,6.1,26.4,1036.6,58.4,9.6,40.6,3.4,2,,2025-12-28T07:57:27,2025-12-28T16:25:02,0.31,Partially cloudy,Partly cloudy throughout the day.,partly-cloudy-day,"KSEA,KBFI,F0821,KRNT"
seattle,2025-12-29,44.5,32.9,38.7,42.7,32.9,37.7,33.7,82.8,0,0,0,,0,0,12.3,5.3,352.5,1033.3,37.6,9.9,45.3,3.9,2,,2025-12-29T07:57:36,2025-12-29T16:25:52,0.34,Partially cloudy,Partly cloudy throughout the day.,partly-cloudy-day,"KSEA,KBFI,F0821,KRNT"
seattle,2025-12-30,47.4,33.2,39,45.9,33.2,38.4,34.8,85.7,0,0,0,,0,0,13.2,6.5,336.7,1025.3,17.1,9.4,59.3,5.2,4,,2025-12-30T07:57:42,2025-12-30T16:26:45,0.38,Clear,Clear conditions throughout the day.,clear-day,"KSEA,KBFI,F0821,KRNT"
seattle,2025-12-31,41.5,33.8,36.2,41.5,31.3,35.9,35.5,97.5,0,0,0,,0,0,12.5,4.4,14.7,1018.8,89.9,1.3,43.8,3.5,3,,2025-12-31T07:57:44,2025-12-31T16:27:40,0.41,Partially cloudy,Partly cloudy throughout the day.,partly-cloudy-day,"KSEA,KBFI,F0821,KRNT"
